"valA";"valB";"valC";"valD";"dateA";"dtA";"dtB";"dtC";"dtD";"dtE";"dtF";"dateB";"dtG";"dtH";"dtI";"dtJ";"valE";"valF";"valG";"valH";"valI";"valJ";"valH";"valI";"valJ";"valK";"valL";"valM";"valN";"valO";"calc_DtBmDtA";"calc_DtCmDtB";"calc_DtDmDtC";"calc_DtFmDtD";"calc_DtHmDtG";"calc_DtImDtG";"calc_DtJmDtG";"calc_DtImDtH";"calc_DtJmDtI"
878.3;3173.7;984.8;1391.9;"1980-01-01";"1980-01-01 09:30:00";"1980-01-01 09:58:00";"1980-01-01 11:08:00";"1980-01-01 11:30:00";"1980-01-01 08:30:00";"1980-01-01 13:07:00";"1980-01-08";"1980-01-08 06:40:00";"1980-01-08 07:55:00";"1980-01-08 08:30:00";"1980-01-08 10:44:00";68.0;23.1;3037.8;34.0;1.5;6.7;25.7;6.0;2157.5;72.2;80.0;81.1;31.4;29.3;28;70;22;97;75;110;244;35;134
844.0;2373.7;1115.7;1631.9;"1980-01-02";"1980-01-02 12:06:00";"1980-01-02 12:39:00";"1980-01-02 13:39:00";"1980-01-02 14:00:00";"1980-01-02 08:15:00";"1980-01-02 18:30:00";"1980-01-12";"1980-01-12 06:35:00";"1980-01-12 08:45:00";"1980-01-12 09:38:00";"1980-01-12 13:55:00";67.1;24.1;2241.3;43.3;1.4;6.7;25.7;5.9;1557.5;70.0;80.2;83.6;31.3;29.3;33;60;21;270;130;183;440;53;257
945.8;3323.7;756.1;1071.9;"1980-01-06";"1980-01-06 06:20:00";"1980-01-06 06:53:00";"1980-01-06 07:53:00";"1980-01-06 09:10:00";"1980-01-06 11:40:00";"1980-01-06 18:20:00";"1980-01-13";"1980-01-13 07:20:00";"1980-01-13 08:20:00";"1980-01-13 08:55:00";"1980-01-13 10:55:00";67.9;21.6;3179.3;34.8;1.6;6.7;25.7;6.0;2087.5;71.5;80.3;81.9;32.1;29.3;33;60;77;550;60;95;215;35;120
1038.0;3473.7;1165.9;1691.9;"1980-01-08";"1980-01-08 08:40:00";"1980-01-08 09:10:00";"1980-01-08 10:10:00";"1980-01-08 10:40:00";"1980-01-08 08:50:00";"1980-01-08 14:35:00";"1980-01-15";"1980-01-15 05:25:00";"1980-01-15 06:40:00";"1980-01-15 07:15:00";"1980-01-15 09:45:00";68.1;22.1;3317.5;36.3;1.7;6.7;25.7;6.0;2157.5;70.6;80.2;82.1;32.2;29.3;30;60;30;235;75;110;260;35;150
942.0;3473.7;955.3;1451.9;"1980-01-12";"1980-01-12 12:12:00";"1980-01-12 12:42:00";"1980-01-12 13:42:00";"1980-01-12 14:05:00";"1980-01-12 11:25:00";"1980-01-12 16:35:00";"1980-01-19";"1980-01-19 07:20:00";"1980-01-19 08:55:00";"1980-01-19 09:25:00";"1980-01-19 11:52:00";68.9;23.7;3329.3;33.3;1.6;6.7;25.7;6.0;2157.5;67.2;80.0;81.4;32.0;29.3;30;60;23;150;95;125;272;30;147
826.0;3273.7;1041.5;1475.9;"1980-01-13";"1980-01-13 09:10:00";"1980-01-13 09:40:00";"1980-01-13 10:40:00";"1980-01-13 11:05:00";"1980-01-13 09:30:00";"1980-01-13 15:00:00";"1980-01-20";"1980-01-20 07:20:00";"1980-01-20 08:40:00";"1980-01-20 09:10:00";"1980-01-20 12:02:00";68.4;22.1;3143.6;31.3;1.4;6.7;25.7;6.0;2257.5;72.1;80.5;81.9;32.0;29.3;30;60;25;235;80;110;282;30;172
999.6;3473.7;989.0;1401.9;"1980-01-14";"1980-01-14 09:05:00";"1980-01-14 09:35:00";"1980-01-14 10:35:00";"1980-01-14 11:00:00";"1980-01-14 09:25:00";"1980-01-14 14:42:00";"1980-01-21";"1980-01-21 07:20:00";"1980-01-21 08:40:00";"1980-01-21 09:20:00";"1980-01-21 12:48:00";68.5;24.1;3322.4;35.1;1.7;6.7;25.7;6.0;2357.5;72.0;80.2;80.8;31.8;29.3;30;60;25;222;80;120;328;40;208
977.2;3473.7;990.4;1411.9;"1980-01-15";"1980-01-15 07:45:00";"1980-01-15 08:15:00";"1980-01-15 09:15:00";"1980-01-15 09:50:00";"1980-01-15 09:25:00";"1980-01-15 14:35:00";"1980-01-22";"1980-01-22 07:30:00";"1980-01-22 08:40:00";"1980-01-22 09:10:00";"1980-01-22 12:31:00";68.6;23.2;3325.1;34.4;1.6;6.7;25.7;6.0;2457.5;71.6;80.1;81.4;31.1;29.3;30;60;35;285;70;100;301;30;201
859.0;3273.7;919.2;1311.9;"1980-01-19";"1980-01-19 09:45:00";"1980-01-19 10:10:00";"1980-01-19 11:10:00";"1980-01-19 11:50:00";"1980-01-19 10:35:00";"1980-01-19 14:50:00";"1980-01-26";"1980-01-26 07:32:00";"1980-01-26 09:03:00";"1980-01-26 09:34:00";"1980-01-26 12:51:00";68.1;24.6;3139.8;32.4;1.4;6.7;25.7;6.0;2457.5;71.4;79.3;80.9;30.8;29.3;25;60;40;180;91;122;319;31;197
963.6;3373.7;1038.7;1471.9;"1980-01-20";"1980-01-20 08:20:00";"1980-01-20 08:48:00";"1980-01-20 09:50:00";"1980-01-20 10:10:00";"1980-01-20 09:27:00";"1980-01-20 14:20:00";"1980-01-27";"1980-01-27 07:26:00";"1980-01-27 08:28:00";"1980-01-27 09:00:00";"1980-01-27 12:33:00";68.6;23.9;3227.0;34.9;1.6;6.7;25.7;6.0;2357.5;72.1;79.5;81.4;31.0;29.3;28;62;20;250;62;94;307;32;213
880.0;3273.7;914.7;1297.9;"1980-01-21";"1980-01-21 08:25:00";"1980-01-21 08:55:00";"1980-01-21 09:55:00";"1980-01-21 10:25:00";"1980-01-21 09:40:00";"1980-01-21 14:25:00";"1980-01-28";"1980-01-28 07:15:00";"1980-01-28 08:05:00";"1980-01-28 08:35:00";"1980-01-28 12:04:00";68.2;24.2;3137.3;33.1;1.5;6.7;25.7;6.0;2309.5;71.8;80.2;81.1;29.4;29.3;30;60;30;240;50;80;289;30;209
932.2;3329.7;940.8;1333.9;"1980-01-22";"1980-01-22 10:25:00";"1980-01-22 11:00:00";"1980-01-22 12:00:00";"1980-01-22 12:50:00";"1980-01-22 09:10:00";"1980-01-22 13:45:00";"1980-01-29";"1980-01-29 04:35:00";"1980-01-29 05:35:00";"1980-01-29 06:10:00";"1980-01-29 09:20:00";68.8;24.7;3186.9;34.3;1.6;6.7;25.7;6.0;2373.5;71.9;80.6;81.1;62.3;29.3;35;60;50;55;60;95;285;35;190
987.4;3553.7;991.7;1415.9;"1980-01-26";"1980-01-26 10:01:00";"1980-01-26 10:30:00";"1980-01-26 11:30:00";"1980-01-26 11:50:00";"1980-01-26 10:05:00";"1980-01-26 14:35:00";"1980-02-02";"1980-02-02 07:25:00";"1980-02-02 09:13:00";"1980-02-02 09:47:00";"1980-02-02 13:05:00";68.8;24.2;3403.7;34.0;1.6;6.7;25.7;6.0;2277.5;71.5;80.2;80.8;31.4;29.3;29;60;20;165;108;142;340;34;198
1033.0;3653.7;1113.2;1581.9;"1980-01-27";"1980-01-27 09:15:00";"1980-01-27 09:43:00";"1980-01-27 10:43:00";"1980-01-27 11:00:00";"1980-01-27 09:40:00";"1980-01-27 13:35:00";"1980-02-03";"1980-02-03 06:10:00";"1980-02-03 06:50:00";"1980-02-03 07:25:00";"1980-02-03 11:00:00";68.6;23.2;3497.9;34.5;1.7;6.7;25.7;6.0;2217.5;72.0;80.3;81.1;31.4;29.3;28;60;17;155;40;75;290;35;215
993.1;3573.7;993.1;1411.9;"1980-01-29";"1980-01-29 06:25:00";"1980-01-29 06:55:00";"1980-01-29 07:55:00";"1980-01-29 09:00:00";"1980-01-29 07:50:00";"1980-01-29 11:40:00";"1980-02-05";"1980-02-05 07:15:00";"1980-02-05 07:45:00";"1980-02-05 08:20:00";"1980-02-05 11:42:00";68.3;22.3;3422.9;34.0;1.6;6.7;25.7;6.0;2357.5;71.8;80.7;81.2;31.7;29.3;30;60;65;160;30;65;267;35;202
957.4;3373.7;995.9;1411.9;"1980-02-02";"1980-02-02 08:40:00";"1980-02-02 09:10:00";"1980-02-02 10:10:00";"1980-02-02 10:50:00";"1980-02-02 09:20:00";"1980-02-02 12:55:00";"1980-02-09";"1980-02-09 05:50:00";"1980-02-09 06:25:00";"1980-02-09 07:00:00";"1980-02-09 10:12:00";68.3;23.5;3227.7;34.7;1.6;6.7;25.7;6.0;2357.5;72.0;80.2;81.2;31.7;29.3;30;60;40;125;35;70;262;35;192
914.0;3373.7;911.1;1301.9;"1980-02-03";"1980-02-03 07:25:00";"1980-02-03 07:55:00";"1980-02-03 08:55:00";"1980-02-03 09:33:00";"1980-02-03 07:10:00";"1980-02-03 11:00:00";"1980-02-10";"1980-02-10 05:40:00";"1980-02-10 06:10:00";"1980-02-10 06:40:00";"1980-02-10 09:50:00";68.4;23.4;3233.0;33.3;1.5;6.7;25.7;6.0;2057.5;71.3;80.1;81.3;32.3;29.3;30;60;38;87;30;60;250;30;190
980.4;3473.7;975.2;1381.9;"1980-02-04";"1980-02-04 06:40:00";"1980-02-04 07:10:00";"1980-02-04 08:10:00";"1980-02-04 08:30:00";"1980-02-04 07:16:00";"1980-02-04 10:43:00";"1980-02-10";"1980-02-10 14:20:00";"1980-02-10 15:35:00";"1980-02-10 16:00:00";"1980-02-10 19:15:00";68.0;23.1;3324.7;34.5;1.6;6.7;25.7;6.0;2057.5;72.0;80.0;80.3;31.1;29.3;30;60;20;133;75;100;295;25;195
941.9;3373.7;1006.9;1431.9;"1980-02-04";"1980-02-04 09:30:00";"1980-02-04 09:55:00";"1980-02-04 10:55:00";"1980-02-04 11:15:00";"1980-02-04 15:05:00";"1980-02-04 19:10:00";"1980-02-11";"1980-02-11 07:40:00";"1980-02-11 08:15:00";"1980-02-11 08:50:00";"1980-02-11 12:12:00";68.3;23.8;3229.6;34.2;1.6;6.7;25.7;6.0;2057.5;71.8;80.5;81.3;32.3;29.3;25;60;20;475;35;70;272;35;202
808.0;3273.7;865.7;1231.9;"1980-02-05";"1980-02-05 08:08:00";"1980-02-05 08:34:00";"1980-02-05 09:34:00";"1980-02-05 09:55:00";"1980-02-05 11:50:00";"1980-02-05 15:35:00";"1980-02-11";"1980-02-11 04:50:00";"1980-02-11 06:15:00";"1980-02-11 06:50:00";"1980-02-11 10:00:00";64.8;22.6;3145.7;30.7;1.4;6.7;25.2;6.1;2257.5;71.5;80.2;80.1;31.2;29.5;26;60;21;340;85;120;310;35;190
656.4;3073.7;668.7;961.9;"1980-02-09";"1980-02-09 07:15:00";"1980-02-09 07:45:00";"1980-02-09 08:45:00";"1980-02-09 10:10:00";"1980-02-09 09:00:00";"1980-02-09 12:25:00";"1980-02-16";"1980-02-16 06:00:00";"1980-02-16 06:34:00";"1980-02-16 07:07:00";"1980-02-16 09:45:00";63.3;22.9;2963.6;27.1;1.1;6.7;25.5;6.0;2057.5;70.2;78.0;79.0;32.2;29.5;30;60;85;135;34;67;225;33;158
945.2;3473.7;958.5;1351.9;"1980-02-11";"1980-02-11 08:55:00";"1980-02-11 09:25:00";"1980-02-11 10:25:00";"1980-02-11 11:00:00";"1980-02-11 09:30:00";"1980-02-11 13:20:00";"1980-02-17";"1980-02-17 13:40:00";"1980-02-17 14:00:00";"1980-02-17 14:30:00";"1980-02-17 18:00:00";64.0;21.7;3329.0;33.4;1.6;6.7;25.8;6.0;2050.5;72.3;78.9;80.8;29.9;29.5;30;60;35;140;20;50;260;30;210
931.0;3273.7;1051.5;1481.9;"1980-02-12";"1980-02-12 06:30:00";"1980-02-12 07:00:00";"1980-02-12 08:00:00";"1980-02-12 08:30:00";"1980-02-12 07:15:00";"1980-02-12 11:15:00";"1980-02-18";"1980-02-18 13:40:00";"1980-02-18 14:05:00";"1980-02-18 14:35:00";"1980-02-18 17:30:00";64.7;21.4;3131.2;34.8;1.6;6.7;25.5;6.1;2207.5;72.5;80.2;81.3;32.0;29.5;30;60;30;165;25;55;230;30;175
980.4;3473.7;930.3;1331.9;"1980-02-16";"1980-02-16 07:50:00";"1980-02-16 08:20:00";"1980-02-16 09:20:00";"1980-02-16 10:25:00";"1980-02-16 08:30:00";"1980-02-16 12:50:00";"1980-02-23";"1980-02-23 05:50:00";"1980-02-23 12:45:00";"1980-02-23 13:15:00";"1980-02-23 16:40:00";64.5;22.9;3324.7;34.5;1.6;6.8;27.5;6.0;1957.5;71.2;80.4;80.8;31.7;29.5;30;60;65;145;415;445;650;30;205
886.0;3273.7;916.2;1290.9;"1980-02-17";"1980-02-17 05:35:00";"1980-02-17 08:45:00";"1980-02-17 09:45:00";"1980-02-17 10:15:00";"1980-02-17 13:16:00";"1980-02-17 18:30:00";"1980-02-24";"1980-02-24 08:20:00";"1980-02-24 09:10:00";"1980-02-24 09:40:00";"1980-02-24 12:45:00";64.8;21.1;3136.6;33.3;1.5;6.8;25.7;6.1;2157.5;72.3;80.3;81.3;31.9;29.5;190;60;30;495;50;80;265;30;185
949.9;3358.7;993.8;1406.9;"1980-02-17";"1980-02-17 09:10:00";"1980-02-17 09:40:00";"1980-02-17 10:40:00";"1980-02-17 11:10:00";"1980-02-17 07:40:00";"1980-02-17 11:45:00";"1980-02-29";"1980-02-29 13:15:00";"1980-02-29 13:30:00";"1980-02-29 14:00:00";"1980-02-29 17:05:00";64.9;22.3;3213.7;34.6;1.6;6.7;25.2;6.1;2050.5;72.1;80.6;80.8;32.3;29.5;30;60;30;35;15;45;230;30;185
1050.9;3463.7;936.2;1306.9;"1980-02-19";"1980-02-19 08:23:00";"1980-02-19 08:50:00";"1980-02-19 09:50:00";"1980-02-19 10:10:00";"1980-02-19 17:00:00";"1980-02-19 21:40:00";"1980-02-25";"1980-02-25 06:15:00";"1980-02-25 06:40:00";"1980-02-25 07:20:00";"1980-02-25 10:48:00";64.3;23.2;3305.9;36.8;1.7;6.8;25.7;6.1;2088.5;73.0;80.5;82.1;32.3;29.5;27;60;20;690;25;65;273;40;208
1017.8;3418.7;990.3;1391.9;"1980-02-19";"1980-02-19 06:30:00";"1980-02-19 06:55:00";"1980-02-19 07:55:00";"1980-02-19 08:25:00";"1980-02-19 14:35:00";"1980-02-19 18:45:00";"1980-02-26";"1980-02-26 05:50:00";"1980-02-26 06:30:00";"1980-02-26 07:00:00";"1980-02-26 10:38:00";63.0;20.8;3265.2;36.2;1.7;6.7;26.7;6.0;2027.5;72.6;80.2;81.3;31.7;29.5;25;60;30;620;40;70;288;30;218
987.9;3392.7;934.0;1325.9;"1980-02-23";"1980-02-23 15:20:00";"1980-02-23 15:46:00";"1980-02-23 16:46:00";"1980-02-23 17:20:00";"1980-02-23 13:55:00";"1980-02-23 18:25:00";"1980-03-01";"1980-03-01 06:10:00";"1980-03-01 06:38:00";"1980-03-01 07:27:00";"1980-03-01 10:46:00";68.1;22.1;3242.9;35.5;1.6;6.7;25.7;6.0;2117.5;71.8;80.5;81.4;32.3;29.3;26;60;34;65;28;77;276;49;199
1003.9;3520.7;1016.0;1434.9;"1980-02-25";"1980-02-25 08:37:00";"1980-02-25 09:05:00";"1980-02-25 10:05:00";"1980-02-25 10:30:00";"1980-02-25 07:05:00";"1980-02-25 11:20:00";"1980-03-02";"1980-03-02 13:00:00";"1980-03-02 13:20:00";"1980-03-02 13:45:00";"1980-03-02 17:05:00";79.7;22.1;3368.7;34.8;1.7;6.7;25.2;6.1;2007.5;72.3;80.4;81.2;30.3;29.5;28;60;25;50;20;45;245;25;200
948.4;3374.7;964.8;1362.9;"1980-02-25";"1980-02-25 14:15:00";"1980-02-25 14:40:00";"1980-02-25 15:40:00";"1980-02-25 16:20:00";"1980-02-25 13:30:00";"1980-02-25 17:35:00";"1980-03-03";"1980-03-03 05:30:00";"1980-03-03 06:03:00";"1980-03-03 06:35:00";"1980-03-03 10:06:00";67.5;20.3;3229.8;34.4;1.6;6.8;26.6;6.0;2013.5;72.2;80.4;81.3;32.3;29.5;25;60;40;75;33;65;276;32;211
996.3;3430.7;929.9;1308.9;"1980-02-26";"1980-02-26 07:05:00";"1980-02-26 07:32:00";"1980-02-26 08:32:00";"1980-02-26 08:50:00";"1980-02-26 06:35:00";"1980-02-26 10:55:00";"1980-03-03";"1980-03-03 12:25:00";"1980-03-03 12:45:00";"1980-03-03 13:20:00";"1980-03-03 16:25:00";59.8;19.1;3279.8;35.4;1.7;6.7;25.2;6.1;2167.5;72.4;80.2;81.0;29.3;29.5;27;60;18;125;20;55;240;35;185
1010.2;3334.7;986.8;1388.9;"1980-02-26";"1980-02-26 09:40:00";"1980-02-26 10:10:00";"1980-02-26 11:10:00";"1980-02-26 11:40:00";"1980-02-26 13:05:00";"1980-02-26 17:10:00";"1980-03-04";"1980-03-04 05:10:00";"1980-03-04 05:35:00";"1980-03-04 06:10:00";"1980-03-04 09:42:00";66.8;19.1;3182.2;36.8;1.7;6.7;25.2;6.1;2139.5;72.5;80.3;81.8;32.3;29.5;30;60;30;330;25;60;272;35;212
998.0;3511.7;1004.2;1421.9;"1980-03-03";"1980-03-03 07:17:00";"1980-03-03 07:44:00";"1980-03-03 08:44:00";"1980-03-03 09:10:00";"1980-03-03 07:10:00";"1980-03-03 11:25:00";"1980-03-09";"1980-03-09 12:50:00";"1980-03-09 13:12:00";"1980-03-09 13:40:00";"1980-03-09 17:15:00";64.3;20.1;3360.5;34.7;1.7;6.7;25.2;6.1;1952.5;72.1;80.4;80.9;31.2;29.5;27;60;26;135;22;50;265;28;215
990.9;3498.7;984.7;1381.9;"1980-03-03";"1980-03-03 13:30:00";"1980-03-03 14:00:00";"1980-03-03 15:00:00";"1980-03-03 15:20:00";"1980-03-03 13:40:00";"1980-03-03 18:15:00";"1980-03-10";"1980-03-10 05:45:00";"1980-03-10 06:10:00";"1980-03-10 06:40:00";"1980-03-10 09:50:00";69.4;19.2;3348.4;34.6;1.6;6.8;26.3;6.0;1991.5;72.7;80.3;81.1;29.5;29.5;30;60;20;175;25;55;245;30;190
999.5;3379.7;947.9;1332.9;"1980-03-04";"1980-03-04 06:20:00";"1980-03-04 06:50:00";"1980-03-04 07:50:00";"1980-03-04 08:30:00";"1980-03-04 06:45:00";"1980-03-04 11:55:00";"1980-03-10";"1980-03-10 12:00:00";"1980-03-10 12:20:00";"1980-03-10 12:52:00";"1980-03-10 16:17:00";67.2;19.4;3228.5;36.0;1.7;6.7;25.9;6.0;2007.5;72.5;80.2;81.2;30.7;29.5;30;60;40;205;20;52;257;32;205
954.1;3437.7;900.5;1271.9;"1980-03-04";"1980-03-04 09:05:00";"1980-03-04 09:40:00";"1980-03-04 10:40:00";"1980-03-04 11:10:00";"1980-03-04 13:10:00";"1980-03-04 17:30:00";"1980-03-11";"1980-03-11 05:15:00";"1980-03-11 05:40:00";"1980-03-11 06:15:00";"1980-03-11 09:10:00";68.7;19.2;3292.0;34.0;1.6;6.7;26.7;6.0;2117.5;72.1;80.2;80.9;31.3;29.5;35;60;30;380;25;60;235;35;175
973.6;3365.7;1037.6;1459.9;"1980-03-08";"1980-03-08 08:20:00";"1980-03-08 08:50:00";"1980-03-08 09:50:00";"1980-03-08 10:10:00";"1980-03-08 07:40:00";"1980-03-08 12:00:00";"1980-03-14";"1980-03-14 12:35:00";"1980-03-14 13:15:00";"1980-03-14 13:45:00";"1980-03-14 17:00:00";68.3;21.3;3217.8;35.3;1.6;6.7;26.8;6.1;1867.5;72.6;80.3;81.1;31.3;29.5;30;60;20;110;40;70;265;30;195
937.6;3527.7;916.9;1302.9;"1980-03-08";"1980-03-08 14:55:00";"1980-03-08 15:22:00";"1980-03-08 16:22:00";"1980-03-08 16:35:00";"1980-03-08 14:50:00";"1980-03-08 18:35:00";"1980-03-15";"1980-03-15 05:10:00";"1980-03-15 05:42:00";"1980-03-15 06:15:00";"1980-03-15 09:40:00";67.8;20.1;3383.7;32.7;1.6;6.7;25.2;6.1;2062.5;71.7;80.1;80.9;31.4;29.5;27;60;13;120;32;65;270;33;205
973.2;3313.7;979.2;1381.9;"1980-03-09";"1980-03-09 08:15:00";"1980-03-09 08:40:00";"1980-03-09 09:40:00";"1980-03-09 10:55:00";"1980-03-09 07:15:00";"1980-03-09 11:55:00";"1980-03-15";"1980-03-15 12:10:00";"1980-03-15 12:30:00";"1980-03-15 13:00:00";"1980-03-15 16:30:00";68.7;20.2;3165.9;35.8;1.6;6.7;25.7;6.1;2007.5;72.3;81.1;81.2;29.5;29.5;25;60;75;60;20;50;260;30;210
982.3;3343.7;949.0;1345.9;"1980-03-09";"1980-03-09 13:50:00";"1980-03-09 14:17:00";"1980-03-09 15:17:00";"1980-03-09 15:35:00";"1980-03-09 14:15:00";"1980-03-09 18:10:00";"1980-03-16";"1980-03-16 04:49:00";"1980-03-16 05:21:00";"1980-03-16 05:53:00";"1980-03-16 09:27:00";68.8;20.1;3194.7;35.8;1.6;6.8;25.7;6.1;2043.5;71.9;80.0;81.4;32.2;29.5;27;60;18;155;32;64;278;32;214
1009.8;3433.7;945.1;1328.9;"1980-03-10";"1980-03-10 08:05:00";"1980-03-10 08:35:00";"1980-03-10 09:35:00";"1980-03-10 10:50:00";"1980-03-10 06:50:00";"1980-03-10 11:30:00";"1980-03-16";"1980-03-16 11:50:00";"1980-03-16 12:10:00";"1980-03-16 12:45:00";"1980-03-16 16:00:00";68.3;20.1;3281.1;35.8;1.7;6.7;25.2;6.1;2147.5;72.5;80.6;80.6;32.1;29.5;30;60;75;40;20;55;250;35;195
961.0;3323.7;1025.7;1444.9;"1980-03-11";"1980-03-11 06:20:00";"1980-03-11 06:45:00";"1980-03-11 07:45:00";"1980-03-11 08:35:00";"1980-03-11 07:00:00";"1980-03-11 11:57:00";"1980-03-17";"1980-03-17 12:00:00";"1980-03-17 12:12:00";"1980-03-17 12:45:00";"1980-03-17 16:20:00";69.0;19.9;3177.4;35.3;1.6;6.7;26.9;6.0;1978.5;72.5;80.8;81.2;31.3;29.5;25;60;50;202;12;45;260;33;215
914.0;3373.7;913.7;1301.9;"1980-03-15";"1980-03-15 07:20:00";"1980-03-15 07:53:00";"1980-03-15 08:53:00";"1980-03-15 09:10:00";"1980-03-15 08:55:00";"1980-03-15 13:42:00";"1980-03-21";"1980-03-21 14:13:00";"1980-03-21 14:40:00";"1980-03-21 15:10:00";"1980-03-21 18:17:00";68.3;22.1;3233.0;33.3;1.5;6.7;25.2;6.0;2257.5;71.5;80.0;80.2;31.3;29.3;33;60;17;272;27;57;244;30;187
958.0;3473.7;972.4;1377.9;"1980-03-15";"1980-03-15 13:35:00";"1980-03-15 14:00:00";"1980-03-15 15:00:00";"1980-03-15 15:30:00";"1980-03-15 16:15:00";"1980-03-15 20:40:00";"1980-03-22";"1980-03-22 05:00:00";"1980-03-22 05:30:00";"1980-03-22 06:05:00";"1980-03-22 09:37:00";68.3;19.2;3327.4;33.8;1.6;6.7;26.4;6.0;2257.5;72.0;80.5;81.4;31.3;29.3;25;60;30;310;30;65;277;35;212
958.0;3473.7;1009.7;1431.9;"1980-03-16";"1980-03-16 07:20:00";"1980-03-16 07:47:00";"1980-03-16 08:47:00";"1980-03-16 09:15:00";"1980-03-16 07:17:00";"1980-03-16 12:11:00";"1980-03-22";"1980-03-22 12:22:00";"1980-03-22 12:37:00";"1980-03-22 13:11:00";"1980-03-22 16:59:00";68.8;21.2;3327.4;33.8;1.6;6.7;25.7;6.1;2257.5;72.0;80.0;81.4;31.3;29.3;27;60;28;176;15;49;277;34;228
958.0;3473.7;928.1;1324.9;"1980-03-16";"1980-03-16 13:10:00";"1980-03-16 13:40:00";"1980-03-16 14:40:00";"1980-03-16 15:15:00";"1980-03-16 14:30:00";"1980-03-16 19:05:00";"1980-03-23";"1980-03-23 04:45:00";"1980-03-23 05:15:00";"1980-03-23 05:47:00";"1980-03-23 09:05:00";68.3;19.9;3327.4;33.8;1.6;6.7;26.0;6.0;2237.5;71.4;80.5;80.2;31.3;29.3;30;60;35;230;30;62;260;32;198
901.0;3273.7;842.1;1212.9;"1980-03-16";"1980-03-16 11:20:00";"1980-03-16 11:50:00";"1980-03-16 13:34:00";"1980-03-16 14:30:00";"1980-03-16 14:30:00";"1980-03-16 19:05:00";"1980-03-29";"1980-03-29 05:05:00";"1980-03-29 05:35:00";"1980-03-29 06:10:00";"1980-03-29 09:15:00";67.8;20.4;3134.8;33.8;1.5;6.7;25.7;6.0;2037.5;70.6;81.3;80.1;31.2;29.5;30;104;56;275;30;65;250;35;185
929.5;3373.7;1009.7;1431.9;"1980-03-17";"1980-03-17 07:12:00";"1980-03-17 07:40:00";"1980-03-17 08:40:00";"1980-03-17 08:55:00";"1980-03-17 07:10:00";"1980-03-17 12:12:00";"1980-03-23";"1980-03-23 12:30:00";"1980-03-23 12:55:00";"1980-03-23 13:25:00";"1980-03-23 17:00:00";68.6;20.1;3231.1;33.8;1.5;6.7;25.2;6.1;2457.5;72.0;80.5;80.4;62.0;29.3;28;60;15;197;25;55;270;30;215
929.5;3373.7;913.7;1303.9;"1980-03-17";"1980-03-17 14:05:00";"1980-03-17 14:30:00";"1980-03-17 15:30:00";"1980-03-17 16:10:00";"1980-03-17 14:45:00";"1980-03-17 19:15:00";"1980-03-24";"1980-03-24 04:38:00";"1980-03-24 05:15:00";"1980-03-24 05:47:00";"1980-03-24 09:05:00";68.4;19.7;3231.1;33.8;1.5;6.7;25.9;6.1;2457.5;71.4;80.5;80.4;30.3;29.3;25;60;40;185;37;69;267;32;198
937.0;3273.7;1038.4;1454.9;"1980-03-17";"1980-03-17 06:10:00";"1980-03-17 06:36:00";"1980-03-17 07:36:00";"1980-03-17 08:00:00";"1980-03-17 07:30:00";"1980-03-17 11:50:00";"1980-03-29";"1980-03-29 11:30:00";"1980-03-29 11:53:00";"1980-03-29 12:26:00";"1980-03-29 16:05:00";68.7;20.1;3130.4;35.0;1.6;6.8;25.2;6.0;1857.5;72.9;81.0;82.6;31.2;29.5;26;60;24;230;23;56;275;33;219
1010.6;3543.7;882.0;1253.9;"1980-03-17";"1980-03-17 09:35:00";"1980-03-17 10:05:00";"1980-03-17 11:05:00";"1980-03-17 11:45:00";"1980-03-17 14:05:00";"1980-03-17 18:50:00";"1980-03-30";"1980-03-30 05:05:00";"1980-03-30 05:35:00";"1980-03-30 06:10:00";"1980-03-30 09:20:00";68.8;18.6;3390.9;34.8;1.7;6.8;25.2;6.0;2007.5;71.6;80.9;81.1;32.1;29.5;30;60;40;425;30;65;255;35;190
974.0;3473.7;1061.3;1491.9;"1980-03-18";"1980-03-18 05:15:00";"1980-03-18 05:40:00";"1980-03-18 06:40:00";"1980-03-18 07:20:00";"1980-03-18 07:05:00";"1980-03-18 12:35:00";"1980-03-24";"1980-03-24 12:45:00";"1980-03-24 13:15:00";"1980-03-24 13:45:00";"1980-03-24 17:45:00";68.0;19.1;3325.5;34.3;1.6;6.7;25.2;6.1;174.5;72.7;80.0;81.5;31.3;29.3;25;60;40;315;30;60;300;30;240
958.0;3473.7;1009.7;1433.9;"1980-03-18";"1980-03-18 08:12:00";"1980-03-18 08:40:00";"1980-03-18 09:40:00";"1980-03-18 10:00:00";"1980-03-18 14:45:00";"1980-03-18 19:45:00";"1980-03-25";"1980-03-25 04:37:00";"1980-03-25 05:07:00";"1980-03-25 05:37:00";"1980-03-25 09:03:00";68.8;19.1;3327.4;33.8;1.6;6.7;25.7;6.1;2107.5;71.9;80.0;81.2;30.9;29.5;28;60;20;585;30;60;266;30;206
946.0;3273.7;980.6;1379.9;"1980-03-18";"1980-03-18 06:52:00";"1980-03-18 07:20:00";"1980-03-18 08:20:00";"1980-03-18 08:45:00";"1980-03-18 07:00:00";"1980-03-18 11:55:00";"1980-03-30";"1980-03-30 11:45:00";"1980-03-30 12:15:00";"1980-03-30 12:50:00";"1980-03-30 16:20:00";62.8;20.1;3129.3;35.3;1.6;6.7;25.2;6.0;2047.5;72.5;80.5;81.1;32.1;29.5;28;60;25;190;30;65;275;35;210
1006.0;3473.7;988.2;1390.9;"1980-03-18";"1980-03-18 09:45:00";"1980-03-18 10:13:00";"1980-03-18 11:13:00";"1980-03-18 11:23:00";"1980-03-18 14:10:00";"1980-03-18 19:10:00";"1980-03-31";"1980-03-31 05:00:00";"1980-03-31 05:25:00";"1980-03-31 06:00:00";"1980-03-31 09:55:00";68.8;17.3;3321.6;35.3;1.7;6.7;9.2;6.0;2277.5;72.5;80.8;82.1;31.5;29.5;28;60;10;467;25;60;295;35;235
940.0;3273.7;951.1;1346.9;"1980-03-19";"1980-03-19 05:40:00";"1980-03-19 06:05:00";"1980-03-19 07:05:00";"1980-03-19 07:20:00";"1980-03-19 07:05:00";"1980-03-19 11:45:00";"1980-03-31";"1980-03-31 12:08:00";"1980-03-31 12:45:00";"1980-03-31 13:18:00";"1980-03-31 16:50:00";62.0;20.1;3130.1;35.1;1.6;6.7;25.2;6.0;1987.5;72.0;80.9;80.9;31.9;29.5;25;60;15;265;37;70;282;33;212
946.0;3273.7;954.5;1351.9;"1980-03-23";"1980-03-23 07:23:00";"1980-03-23 07:50:00";"1980-03-23 08:50:00";"1980-03-23 09:00:00";"1980-03-23 07:40:00";"1980-03-23 11:50:00";"1980-03-28";"1980-03-28 12:20:00";"1980-03-28 12:45:00";"1980-03-28 13:22:00";"1980-03-28 17:05:00";68.3;21.6;3129.3;35.3;1.6;6.7;26.2;6.1;2157.5;72.0;81.3;81.0;31.8;29.5;27;60;10;170;25;62;285;37;223
901.3;3253.7;1000.7;1404.9;"1980-03-30";"1980-03-30 07:55:00";"1980-03-30 08:25:00";"1980-03-30 09:25:00";"1980-03-30 09:55:00";"1980-03-30 08:25:00";"1980-03-30 11:55:00";"1980-04-06";"1980-04-06 06:10:00";"1980-04-06 06:35:00";"1980-04-06 07:10:00";"1980-04-06 10:30:00";66.0;20.0;3114.8;34.0;1.5;6.7;26.5;6.1;2251.5;72.7;81.2;81.9;29.7;29.5;30;60;30;120;25;60;260;35;200
1025.5;3639.7;924.9;1310.9;"1980-04-01";"1980-04-01 07:20:00";"1980-04-01 07:50:00";"1980-04-01 08:50:00";"1980-04-01 09:20:00";"1980-04-01 08:05:00";"1980-04-01 12:10:00";"1980-04-07";"1980-04-07 06:05:00";"1980-04-07 06:35:00";"1980-04-07 07:10:00";"1980-04-07 10:35:00";63.9;21.4;3484.8;34.4;1.7;6.8;26.8;6.1;2157.5;71.9;81.3;80.6;31.2;29.5;30;60;30;170;30;65;270;35;205
959.2;3433.7;951.6;1108.9;"1980-04-01";"1980-04-01 06:10:00";"1980-04-01 06:35:00";"1980-04-01 07:35:00";"1980-04-01 07:50:00";"1980-04-01 08:50:00";"1980-04-01 12:15:00";"1980-04-08";"1980-04-08 09:27:00";"1980-04-08 10:00:00";"1980-04-08 10:35:00";"1980-04-08 15:50:00";63.8;20.1;3287.4;34.2;1.6;6.7;25.7;6.1;2267.5;87.3;80.0;83.0;84.3;29.5;25;60;15;265;33;68;383;35;315
919.1;3203.7;945.1;1328.9;"1980-04-05";"1980-04-05 07:20:00";"1980-04-05 07:45:00";"1980-04-05 08:45:00";"1980-04-05 09:25:00";"1980-04-05 09:15:00";"1980-04-05 14:00:00";"1980-04-12";"1980-04-12 06:06:00";"1980-04-12 06:50:00";"1980-04-12 07:24:00";"1980-04-12 10:40:00";62.9;19.6;3062.8;35.1;1.5;6.7;26.3;6.0;2067.5;72.5;81.1;81.0;31.7;29.5;25;60;40;275;44;78;274;34;196
895.6;3223.7;904.9;1281.9;"1980-04-06";"1980-04-06 07:15:00";"1980-04-06 07:45:00";"1980-04-06 08:45:00";"1980-04-06 09:20:00";"1980-04-06 08:00:00";"1980-04-06 12:30:00";"1980-04-13";"1980-04-13 06:15:00";"1980-04-13 06:56:00";"1980-04-13 07:31:00";"1980-04-13 10:39:00";65.8;20.3;3085.6;34.1;1.5;6.7;26.8;6.1;1987.5;71.9;80.9;80.9;31.3;29.5;30;60;35;190;41;76;264;35;188
955.0;3303.7;1023.7;1433.9;"1980-04-07";"1980-04-07 08:00:00";"1980-04-07 08:25:00";"1980-04-07 09:25:00";"1980-04-07 10:05:00";"1980-04-07 08:20:00";"1980-04-07 12:20:00";"1980-04-14";"1980-04-14 05:40:00";"1980-04-14 06:15:00";"1980-04-14 06:49:00";"1980-04-14 10:40:00";59.8;19.3;3158.2;35.3;1.6;6.7;26.4;6.0;1987.5;72.9;81.0;81.8;31.4;29.5;25;60;40;135;35;69;300;34;231
960.9;3343.7;906.7;1289.9;"1980-04-08";"1980-04-08 07:20:00";"1980-04-08 07:50:00";"1980-04-08 08:50:00";"1980-04-08 09:05:00";"1980-04-08 08:15:00";"1980-04-08 12:45:00";"1980-04-19";"1980-04-19 06:15:00";"1980-04-19 07:00:00";"1980-04-19 07:35:00";"1980-04-19 10:55:00";66.1;20.1;3197.4;35.1;1.6;6.7;25.2;6.1;2097.5;71.6;81.1;80.9;29.0;29.5;30;60;15;220;45;80;280;35;200
989.2;3438.7;933.1;1320.9;"1980-04-13";"1980-04-13 07:45:00";"1980-04-13 08:15:00";"1980-04-13 09:15:00";"1980-04-13 10:00:00";"1980-04-13 08:20:00";"1980-04-13 12:20:00";"1980-04-20";"1980-04-20 06:00:00";"1980-04-20 06:42:00";"1980-04-20 07:15:00";"1980-04-20 10:35:00";64.5;21.1;3288.7;35.1;1.6;6.7;25.5;6.1;2107.5;72.0;81.0;81.3;31.4;29.5;30;60;45;140;42;75;275;33;200
934.0;3233.7;953.7;1346.9;"1980-04-14";"1980-04-14 07:20:00";"1980-04-14 07:50:00";"1980-04-14 08:50:00";"1980-04-14 09:45:00";"1980-04-14 08:40:00";"1980-04-14 13:10:00";"1980-04-21";"1980-04-21 06:12:00";"1980-04-21 06:44:00";"1980-04-21 07:16:00";"1980-04-21 10:57:00";61.9;19.8;3090.9;35.3;1.6;6.7;26.4;6.1;1727.5;72.2;81.2;82.0;39.9;29.5;30;60;55;205;32;64;285;32;221
955.0;3303.7;1036.8;1462.9;"1980-05-03";"1980-05-03 08:35:00";"1980-05-03 09:05:00";"1980-05-03 10:05:00";"1980-05-03 10:40:00";"1980-05-03 08:15:00";"1980-05-03 12:20:00";"1980-05-10";"1980-05-10 05:50:00";"1980-05-10 06:25:00";"1980-05-10 07:01:00";"1980-05-10 10:33:00";59.2;19.8;3158.2;35.3;1.6;6.7;25.9;6.1;1857.5;72.4;81.1;79.9;32.3;29.5;30;60;35;100;35;71;283;36;212
813.5;3393.7;825.2;1187.9;"1980-05-04";"1980-05-04 07:25:00";"1980-05-04 07:55:00";"1980-05-04 08:55:00";"1980-05-04 10:20:00";"1980-05-04 08:00:00";"1980-05-04 12:55:00";"1980-05-11";"1980-05-11 05:10:00";"1980-05-11 05:51:00";"1980-05-11 06:21:00";"1980-05-11 09:20:00";59.5;20.2;3264.5;29.9;1.4;6.8;26.7;6.1;1978.5;70.6;78.6;77.9;32.1;29.5;30;60;85;155;41;71;250;30;179
995.9;3493.7;936.4;1338.9;"1980-05-10";"1980-05-10 06:50:00";"1980-05-10 07:20:00";"1980-05-10 08:20:00";"1980-05-10 09:05:00";"1980-05-10 08:50:00";"1980-05-10 13:20:00";"1980-05-17";"1980-05-17 05:50:00";"1980-05-17 06:25:00";"1980-05-17 07:04:00";"1980-05-17 10:50:00";58.6;20.1;3342.8;34.8;1.7;6.7;25.2;6.1;2207.5;71.3;81.0;81.4;31.9;29.5;30;60;45;255;35;74;300;39;226
854.7;3203.7;622.8;926.9;"1980-05-11";"1980-05-11 08:00:00";"1980-05-11 08:30:00";"1980-05-11 09:30:00";"1980-05-11 09:50:00";"1980-05-11 08:10:00";"1980-05-11 12:47:00";"1980-05-18";"1980-05-18 06:40:00";"1980-05-18 07:05:00";"1980-05-18 07:35:00";"1980-05-18 10:05:00";59.8;20.1;3070.6;32.9;1.4;6.7;25.7;6.1;1142.5;67.7;79.1;80.3;24.8;29.5;30;60;20;177;25;55;205;30;150
997.4;3623.7;722.4;1032.9;"1980-05-12";"1980-05-12 07:50:00";"1980-05-12 08:15:00";"1980-05-12 09:15:00";"1980-05-12 09:50:00";"1980-05-12 07:36:00";"1980-05-12 12:32:00";"1980-05-19";"1980-05-19 05:30:00";"1980-05-19 06:00:00";"1980-05-19 06:36:00";"1980-05-19 09:10:00";65.5;20.1;3472.3;33.7;1.7;6.7;24.7;6.1;1827.5;70.8;79.0;79.8;31.5;29.5;25;60;35;162;30;66;220;36;154
1121.3;3943.7;1015.9;1440.9;"1980-05-17";"1980-05-17 06:55:00";"1980-05-17 07:25:00";"1980-05-17 08:25:00";"1980-05-17 09:20:00";"1980-05-17 08:25:00";"1980-05-17 13:15:00";"1980-05-24";"1980-05-24 05:13:00";"1980-05-24 05:57:00";"1980-05-24 06:32:00";"1980-05-24 10:00:00";58.9;20.6;3776.5;34.6;1.8;6.7;26.4;5.9;2188.5;72.0;81.2;81.9;31.1;29.5;30;60;55;235;44;79;287;35;208
986.8;3473.7;883.8;1261.9;"1980-05-18";"1980-05-18 07:55:00";"1980-05-18 08:25:00";"1980-05-18 09:25:00";"1980-05-18 10:30:00";"1980-05-18 07:50:00";"1980-05-18 12:25:00";"1980-05-25";"1980-05-25 05:17:00";"1980-05-25 06:00:00";"1980-05-25 06:35:00";"1980-05-25 09:52:00";58.9;20.1;3323.9;34.7;1.6;6.7;25.2;6.0;2117.5;71.3;81.0;81.1;30.7;29.5;30;60;65;115;43;78;275;35;197
1019.4;3618.7;1049.5;1474.9;"1980-05-19";"1980-05-19 06:45:00";"1980-05-19 07:10:00";"1980-05-19 08:10:00";"1980-05-19 09:55:00";"1980-05-19 08:00:00";"1980-05-19 12:25:00";"1980-05-30";"1980-05-30 06:25:00";"1980-05-30 07:15:00";"1980-05-30 07:50:00";"1980-05-30 11:20:00";66.3;20.3;3464.6;34.4;1.7;6.6;26.5;6.0;2117.5;72.7;81.3;79.4;31.2;29.5;25;60;105;150;50;85;295;35;210
982.7;3503.7;1050.9;1476.9;"1980-05-24";"1980-05-24 06:20:00";"1980-05-24 06:50:00";"1980-05-24 07:50:00";"1980-05-24 08:30:00";"1980-05-24 08:05:00";"1980-05-24 12:27:00";"1980-05-31";"1980-05-31 05:40:00";"1980-05-31 06:28:00";"1980-05-31 07:05:00";"1980-05-31 10:30:00";58.5;20.4;3354.4;34.3;1.6;6.7;26.6;5.9;2092.5;72.7;81.1;82.4;31.5;29.5;30;60;40;237;48;85;290;37;205
939.2;3353.7;1011.1;1423.9;"1980-05-25";"1980-05-25 07:35:00";"1980-05-25 08:00:00";"1980-05-25 09:00:00";"1980-05-25 09:50:00";"1980-05-25 08:00:00";"1980-05-25 12:35:00";"1980-06-01";"1980-06-01 05:20:00";"1980-06-01 06:00:00";"1980-06-01 06:35:00";"1980-06-01 09:56:00";64.0;20.4;3210.0;34.3;1.6;6.8;26.4;6.0;1986.5;72.5;81.1;12.9;31.0;29.5;25;60;50;165;40;75;276;35;201
1025.5;3639.7;1036.9;1456.9;"1980-05-26";"1980-05-26 06:40:00";"1980-05-26 07:08:00";"1980-05-26 08:08:00";"1980-05-26 08:30:00";"1980-05-26 08:50:00";"1980-05-26 13:20:00";"1980-06-08";"1980-06-08 05:35:00";"1980-06-08 06:10:00";"1980-06-08 06:40:00";"1980-06-08 10:30:00";61.8;21.1;3484.8;34.4;1.7;6.7;25.7;6.0;2042.5;72.7;80.6;81.9;31.4;29.5;28;60;22;290;35;65;295;30;230
1036.0;3573.7;1100.6;1543.9;"1980-06-01";"1980-06-01 06:50:00";"1980-06-01 07:20:00";"1980-06-01 08:20:00";"1980-06-01 10:10:00";"1980-06-01 09:20:00";"1980-06-01 13:35:00";"1980-06-07";"1980-06-07 06:10:00";"1980-06-07 06:55:00";"1980-06-07 07:30:00";"1980-06-07 11:10:00";59.8;22.1;3417.7;35.3;1.7;6.7;27.0;6.0;2067.5;72.9;80.3;81.6;31.1;29.5;30;60;110;205;45;80;300;35;220
1012.2;3628.7;1075.3;1511.9;"1980-06-02";"1980-06-02 06:35:00";"1980-06-02 07:00:00";"1980-06-02 08:00:00";"1980-06-02 09:30:00";"1980-06-02 07:45:00";"1980-06-02 13:05:00";"1980-06-09";"1980-06-09 05:10:00";"1980-06-09 05:40:00";"1980-06-09 06:10:00";"1980-06-09 10:04:00";59.4;21.1;3475.5;34.1;1.7;6.7;25.7;6.1;2032.5;72.7;80.7;82.5;62.3;29.5;25;60;90;215;30;60;294;30;234
1007.0;3553.7;1131.6;1588.3;"1980-06-03";"1980-06-03 06:49:00";"1980-06-03 07:17:00";"1980-06-03 08:20:00";"1980-06-03 09:30:00";"1980-06-03 07:25:00";"1980-06-03 12:10:00";"1980-06-10";"1980-06-10 06:15:00";"1980-06-10 06:50:00";"1980-06-10 07:20:00";"1980-06-10 10:30:00";61.6;20.1;3401.3;34.6;1.7;6.7;25.2;6.0;2017.5;72.9;81.3;82.0;30.9;29.5;28;63;70;160;35;65;255;30;190
1055.6;3661.7;816.7;1129.9;"1980-06-07";"1980-06-07 08:05:00";"1980-06-07 08:35:00";"1980-06-07 09:35:00";"1980-06-07 10:30:00";"1980-06-07 08:45:00";"1980-06-07 13:20:00";"1980-06-14";"1980-06-14 05:30:00";"1980-06-14 06:15:00";"1980-06-14 07:00:00";"1980-06-14 09:52:00";61.4;20.3;3503.1;35.1;1.7;6.8;26.9;6.0;2397.5;73.4;81.0;81.9;32.1;29.5;30;60;55;170;45;90;262;45;172
1003.0;3596.7;1215.2;1707.9;"1980-06-09";"1980-06-09 07:05:00";"1980-06-09 07:35:00";"1980-06-09 08:35:00";"1980-06-09 09:15:00";"1980-06-09 08:15:00";"1980-06-09 12:45:00";"1980-06-16";"1980-06-16 09:30:00";"1980-06-16 11:00:00";"1980-06-16 11:35:00";"1980-06-16 15:05:00";59.5;20.1;3444.7;34.1;1.7;6.7;25.7;6.1;2287.5;72.9;81.0;82.0;32.2;29.5;30;60;40;210;90;125;335;35;210
977.5;3553.7;1106.4;1560.9;"1980-06-10";"1980-06-10 07:30:00";"1980-06-10 08:00:00";"1980-06-10 09:00:00";"1980-06-10 10:10:00";"1980-06-10 12:10:00";"1980-06-10 16:30:00";"1980-06-17";"1980-06-17 06:05:00";"1980-06-17 06:55:00";"1980-06-17 07:27:00";"1980-06-17 11:08:00";66.5;21.2;3404.9;33.7;1.6;6.8;26.5;6.0;2302.5;72.5;81.1;82.1;32.2;29.5;30;60;70;380;50;82;303;32;221
1004.1;3623.7;934.2;1316.9;"1980-06-15";"1980-06-15 07:10:00";"1980-06-15 07:35:00";"1980-06-15 08:35:00";"1980-06-15 10:00:00";"1980-06-15 08:25:00";"1980-06-15 13:20:00";"1980-06-21";"1980-06-21 06:05:00";"1980-06-21 06:50:00";"1980-06-21 07:30:00";"1980-06-21 10:45:00";59.3;22.1;3471.5;33.9;1.7;6.7;26.4;5.9;2277.5;72.3;81.0;81.5;32.3;29.5;25;60;85;200;45;85;280;40;195
820.0;3098.7;553.1;764.9;"1980-07-14";"1980-07-14 07:05:00";"1980-07-14 07:32:00";"1980-07-14 08:32:00";"1980-07-14 08:55:00";"1980-07-14 07:10:00";"1980-07-14 12:10:00";"1980-07-21";"1980-07-21 06:25:00";"1980-07-21 06:57:00";"1980-07-21 07:23:00";"1980-07-21 09:08:00";59.8;21.1;2970.0;32.7;1.4;6.7;25.7;6.0;1357.5;72.5;77.8;79.4;31.7;29.5;27;60;23;195;32;58;163;26;105
929.5;3373.7;744.8;1065.9;"1980-07-15";"1980-07-15 06:50:00";"1980-07-15 07:15:00";"1980-07-15 08:15:00";"1980-07-15 08:30:00";"1980-07-15 07:30:00";"1980-07-15 12:17:00";"1980-07-22";"1980-07-22 05:33:00";"1980-07-22 05:55:00";"1980-07-22 06:30:00";"1980-07-22 08:46:00";62.8;21.1;3231.1;33.8;1.5;6.7;25.2;6.0;1722.5;70.8;80.7;80.4;31.1;29.5;25;60;15;227;22;57;193;35;136
964.4;3473.7;850.1;1231.9;"1980-07-19";"1980-07-19 07:06:00";"1980-07-19 07:32:00";"1980-07-19 08:32:00";"1980-07-19 08:50:00";"1980-07-19 08:15:00";"1980-07-19 12:55:00";"1980-07-26";"1980-07-26 06:05:00";"1980-07-26 06:50:00";"1980-07-26 07:20:00";"1980-07-26 09:55:00";68.0;20.1;3326.7;34.0;1.6;6.7;25.5;6.0;1599.5;70.2;79.9;79.7;30.6;29.3;26;60;18;245;45;75;230;30;155
943.3;3367.7;783.6;1132.9;"1980-07-21";"1980-07-21 06:29:00";"1980-07-21 06:55:00";"1980-07-21 07:55:00";"1980-07-21 08:05:00";"1980-07-21 08:35:00";"1980-07-21 12:35:00";"1980-07-27";"1980-07-27 06:10:00";"1980-07-27 06:45:00";"1980-07-27 07:20:00";"1980-07-27 09:55:00";67.8;20.1;3223.5;34.3;1.6;6.7;25.7;6.0;2041.5;70.2;78.8;79.8;31.4;29.5;26;60;10;270;35;70;225;35;155
1020.8;3730.4;883.9;1254.9;"1980-07-21";"1980-07-21 07:30:00";"1980-07-21 07:56:00";"1980-07-21 08:56:00";"1980-07-21 09:20:00";"1980-07-21 08:25:00";"1980-07-21 12:15:00";"1980-07-28";"1980-07-28 06:10:00";"1980-07-28 06:50:00";"1980-07-28 07:20:00";"1980-07-28 10:25:00";60.8;22.1;3575.9;33.5;1.7;6.7;24.7;6.0;2075.5;71.7;79.6;81.0;31.5;29.5;26;60;24;175;40;70;255;30;185
907.3;3349.7;876.8;1267.9;"1980-07-22";"1980-07-22 06:33:00";"1980-07-22 06:59:00";"1980-07-22 07:59:00";"1980-07-22 08:15:00";"1980-07-22 08:40:00";"1980-07-22 12:30:00";"1980-07-29";"1980-07-29 06:10:00";"1980-07-29 06:45:00";"1980-07-29 07:15:00";"1980-07-29 09:50:00";61.8;22.1;3209.9;33.3;1.5;6.7;25.7;6.0;2044.5;70.4;79.2;80.7;31.6;29.5;26;60;16;255;35;65;220;30;155
873.2;3303.7;728.1;1051.9;"1980-07-27";"1980-07-27 08:45:00";"1980-07-27 09:15:00";"1980-07-27 10:15:00";"1980-07-27 10:45:00";"1980-07-27 08:45:00";"1980-07-27 13:10:00";"1980-08-02";"1980-08-02 06:10:00";"1980-08-02 06:55:00";"1980-08-02 07:35:00";"1980-08-02 10:10:00";65.7;20.3;3168.0;32.6;1.5;6.7;25.5;5.9;2092.5;70.1;79.1;13.9;31.4;29.5;30;60;30;145;45;85;240;40;155
988.4;3603.7;951.4;1362.9;"1980-07-27";"1980-07-27 07:50:00";"1980-07-27 08:10:00";"1980-07-27 09:10:00";"1980-07-27 10:20:00";"1980-07-27 08:55:00";"1980-07-27 13:20:00";"1980-08-03";"1980-08-03 06:10:00";"1980-08-03 06:40:00";"1980-08-03 07:15:00";"1980-08-03 10:25:00";59.3;20.4;3453.4;33.6;1.6;6.8;26.4;6.0;2132.5;71.2;80.1;81.1;31.5;29.5;20;60;70;180;30;65;255;35;190
940.9;3413.7;867.2;1251.9;"1980-07-28";"1980-07-28 07:37:00";"1980-07-28 08:05:00";"1980-07-28 09:05:00";"1980-07-28 10:20:00";"1980-07-28 08:35:00";"1980-07-28 13:00:00";"1980-08-04";"1980-08-04 06:10:00";"1980-08-04 06:45:00";"1980-08-04 07:15:00";"1980-08-04 10:30:00";63.8;22.3;3269.6;33.8;1.6;6.7;26.0;5.9;2157.5;70.5;80.3;81.2;31.5;29.5;28;60;75;160;35;65;260;30;195
1092.9;3883.7;923.9;1316.9;"1980-07-29";"1980-07-29 08:20:00";"1980-07-29 08:50:00";"1980-07-29 09:50:00";"1980-07-29 11:00:00";"1980-07-29 08:30:00";"1980-07-29 12:50:00";"1980-08-05";"1980-08-05 06:15:00";"1980-08-05 06:45:00";"1980-08-05 07:15:00";"1980-08-05 10:30:00";64.9;20.4;3720.1;34.3;1.8;6.7;26.8;6.0;2357.5;71.5;80.0;80.1;29.9;29.5;30;60;70;110;30;60;255;30;195
929.3;3237.7;885.5;1244.9;"1980-08-09";"1980-08-09 08:05:00";"1980-08-09 08:30:00";"1980-08-09 09:30:00";"1980-08-09 10:30:00";"1980-08-09 09:35:00";"1980-08-09 13:40:00";"1980-08-16";"1980-08-16 06:05:00";"1980-08-16 06:50:00";"1980-08-16 07:25:00";"1980-08-16 10:25:00";64.8;20.9;3095.5;35.1;1.5;6.6;25.7;6.0;2401.5;72.4;81.1;82.1;30.4;29.5;25;60;60;190;45;80;260;35;180
1089.4;3834.7;880.8;1253.9;"1980-08-10";"1980-08-10 06:35:00";"1980-08-10 06:50:00";"1980-08-10 07:50:00";"1980-08-10 08:45:00";"1980-08-10 09:10:00";"1980-08-10 13:10:00";"1980-08-17";"1980-08-17 07:55:00";"1980-08-17 08:55:00";"1980-08-17 09:30:00";"1980-08-17 12:45:00";64.6;22.9;3671.6;34.6;1.8;6.7;25.6;6.0;2157.5;71.5;80.0;80.7;30.5;29.5;15;60;55;265;60;95;290;35;195
1066.5;3768.7;955.9;1355.9;"1980-08-11";"1980-08-11 06:30:00";"1980-08-11 06:55:00";"1980-08-11 07:55:00";"1980-08-11 09:15:00";"1980-08-11 10:50:00";"1980-08-11 14:35:00";"1980-08-18";"1980-08-18 06:00:00";"1980-08-18 06:20:00";"1980-08-18 06:53:00";"1980-08-18 10:22:00";61.6;21.3;3608.5;34.5;1.8;6.7;26.7;6.0;1997.5;71.9;80.0;81.2;30.9;29.5;25;60;80;320;20;53;262;33;209
1064.2;3748.7;995.2;1404.9;"1980-08-12";"1980-08-12 06:30:00";"1980-08-12 06:55:00";"1980-08-12 07:55:00";"1980-08-12 09:05:00";"1980-08-12 08:20:00";"1980-08-12 12:30:00";"1980-08-19";"1980-08-19 06:42:00";"1980-08-19 07:10:00";"1980-08-19 07:42:00";"1980-08-19 11:14:00";65.8;21.2;3588.9;34.6;1.8;6.7;26.1;6.0;2257.5;72.3;81.1;81.4;30.7;29.5;25;60;70;205;28;60;272;32;212
1012.9;3573.7;1105.1;1567.9;"1980-08-16";"1980-08-16 09:50:00";"1980-08-16 10:15:00";"1980-08-16 11:15:00";"1980-08-16 12:00:00";"1980-08-16 08:55:00";"1980-08-16 13:20:00";"1980-08-23";"1980-08-23 06:15:00";"1980-08-23 06:50:00";"1980-08-23 07:22:00";"1980-08-23 11:00:00";63.9;19.9;3420.5;34.6;1.7;6.7;26.4;5.9;2157.5;72.1;79.4;82.3;31.0;29.5;25;60;45;80;35;67;285;32;218
1032.7;3573.7;1134.9;1581.9;"1980-08-17";"1980-08-17 10:35:00";"1980-08-17 11:04:00";"1980-08-17 12:04:00";"1980-08-17 12:15:00";"1980-08-17 08:55:00";"1980-08-17 13:10:00";"1980-08-24";"1980-08-24 06:15:00";"1980-08-24 06:50:00";"1980-08-24 07:24:00";"1980-08-24 11:22:00";60.8;21.1;3418.1;35.2;1.7;6.7;25.7;6.1;2057.5;73.4;80.1;82.3;31.0;29.5;29;60;11;55;35;69;307;34;238
1032.7;3573.7;1021.6;1432.9;"1980-08-19";"1980-08-19 07:45:00";"1980-08-19 08:10:00";"1980-08-19 09:10:00";"1980-08-19 11:20:00";"1980-08-19 09:10:00";"1980-08-19 13:12:00";"1980-08-25";"1980-08-25 06:05:00";"1980-08-25 06:30:00";"1980-08-25 07:03:00";"1980-08-25 10:30:00";60.0;21.1;3418.1;35.2;1.7;6.8;25.7;6.1;2157.5;72.8;81.1;81.9;31.2;29.5;25;60;130;112;25;58;265;33;207
904.0;3273.7;939.8;1343.9;"1980-08-19";"1980-08-19 07:50:00";"1980-08-19 08:15:00";"1980-08-19 09:15:00";"1980-08-19 10:00:00";"1980-08-19 08:45:00";"1980-08-19 13:00:00";"1980-08-26";"1980-08-26 05:41:00";"1980-08-26 06:15:00";"1980-08-26 06:53:00";"1980-08-26 10:02:00";60.8;23.1;3134.5;33.9;1.5;6.7;25.7;6.1;2157.5;71.3;80.8;80.8;31.2;29.5;25;60;45;180;34;72;261;38;189
983.2;3573.7;984.8;1415.9;"1980-09-23";"1980-09-23 09:30:00";"1980-09-23 10:00:00";"1980-09-23 11:00:00";"1980-09-23 11:20:00";"1980-09-23 08:20:00";"1980-09-23 13:45:00";"1980-09-30";"1980-09-30 06:00:00";"1980-09-30 07:13:00";"1980-09-30 07:51:00";"1980-09-30 11:48:00";58.8;20.5;3424.1;33.7;1.6;6.7;24.7;6.0;2357.5;71.0;81.0;81.0;31.7;29.5;30;60;20;145;73;111;348;38;237
983.2;3573.7;1085.7;1526.9;"1980-09-27";"1980-09-27 09:20:00";"1980-09-27 09:46:00";"1980-09-27 10:46:00";"1980-09-27 11:00:00";"1980-09-27 09:30:00";"1980-09-27 14:20:00";"1980-10-04";"1980-10-04 05:57:00";"1980-10-04 06:37:00";"1980-10-04 07:10:00";"1980-10-04 11:25:00";65.8;22.1;3424.1;33.7;1.6;6.7;25.7;6.0;2157.5;72.7;80.3;81.3;31.7;29.5;26;60;14;200;40;73;328;33;255
989.8;3573.7;1142.6;1619.9;"1980-09-28";"1980-09-28 07:02:00";"1980-09-28 07:28:00";"1980-09-28 08:28:00";"1980-09-28 08:45:00";"1980-09-28 08:40:00";"1980-09-28 13:45:00";"1980-10-05";"1980-10-05 06:02:00";"1980-10-05 06:32:00";"1980-10-05 07:06:00";"1980-10-05 11:11:00";64.8;20.9;3423.3;33.9;1.6;6.7;25.7;6.0;2257.5;72.2;81.0;80.9;31.7;29.5;26;60;17;300;30;64;309;34;245
983.2;3573.7;1132.6;1591.9;"1980-10-04";"1980-10-04 07:47:00";"1980-10-04 08:14:00";"1980-10-04 09:14:00";"1980-10-04 09:45:00";"1980-10-04 09:45:00";"1980-10-04 14:30:00";"1980-10-11";"1980-10-11 05:55:00";"1980-10-11 06:24:00";"1980-10-11 06:54:00";"1980-10-11 11:02:00";63.8;23.1;3424.1;33.7;1.6;6.7;25.7;6.0;2157.5;72.8;80.9;81.9;31.7;29.5;27;60;31;285;29;59;307;30;248
983.2;3573.7;1016.0;1426.9;"1980-10-05";"1980-10-05 07:43:00";"1980-10-05 08:09:00";"1980-10-05 09:09:00";"1980-10-05 09:30:00";"1980-10-05 08:40:00";"1980-10-05 13:30:00";"1980-10-12";"1980-10-12 05:48:00";"1980-10-12 06:12:00";"1980-10-12 06:46:00";"1980-10-12 10:30:00";61.8;20.1;3424.1;33.7;1.6;20.3;25.7;6.0;2157.5;72.7;80.9;81.5;31.7;29.5;26;60;21;240;24;58;282;34;224
1011.6;3673.7;1050.8;1478.9;"1980-10-06";"1980-10-06 07:25:00";"1980-10-06 07:50:00";"1980-10-06 08:25:00";"1980-10-06 09:40:00";"1980-10-06 08:30:00";"1980-10-06 13:30:00";"1980-10-13";"1980-10-13 05:35:00";"1980-10-13 06:02:00";"1980-10-13 06:33:00";"1980-10-13 10:31:00";65.8;23.1;3520.4;33.7;1.7;6.7;25.7;6.0;2207.5;72.6;80.3;81.8;31.7;29.5;25;35;75;230;27;58;296;31;238
997.4;3623.7;1057.8;1486.9;"1980-10-07";"1980-10-07 06:00:00";"1980-10-07 06:20:00";"1980-10-07 07:20:00";"1980-10-07 07:45:00";"1980-10-07 08:05:00";"1980-10-07 13:12:00";"1980-10-14";"1980-10-14 06:15:00";"1980-10-14 06:49:00";"1980-10-14 07:18:00";"1980-10-14 10:53:00";60.8;23.1;3472.3;33.7;1.7;6.7;25.7;6.0;2157.5;72.7;80.6;81.8;31.9;29.5;20;60;25;327;34;63;278;29;215
997.4;3623.7;1094.4;1532.9;"1980-10-11";"1980-10-11 07:25:00";"1980-10-11 07:50:00";"1980-10-11 08:50:00";"1980-10-11 09:25:00";"1980-10-11 09:38:00";"1980-10-11 14:30:00";"1980-10-18";"1980-10-18 05:56:00";"1980-10-18 06:30:00";"1980-10-18 07:03:00";"1980-10-18 11:04:00";64.8;23.7;3472.3;33.7;1.7;6.7;25.7;6.0;2157.5;73.0;80.8;81.9;31.9;29.5;25;60;35;305;34;67;308;33;241
997.4;3623.7;1055.0;1484.9;"1980-10-12";"1980-10-12 07:25:00";"1980-10-12 07:51:00";"1980-10-12 08:51:00";"1980-10-12 09:05:00";"1980-10-12 08:40:00";"1980-10-12 13:35:00";"1980-10-19";"1980-10-19 05:53:00";"1980-10-19 06:22:00";"1980-10-19 06:57:00";"1980-10-19 10:53:00";66.8;21.1;3472.3;33.7;1.7;6.7;25.7;6.0;2107.5;72.6;80.8;81.4;31.7;29.5;26;60;14;270;29;64;300;35;236
983.2;3573.7;993.8;1404.9;"1980-10-13";"1980-10-13 06:58:00";"1980-10-13 07:24:00";"1980-10-13 08:24:00";"1980-10-13 09:00:00";"1980-10-13 08:35:00";"1980-10-13 13:42:00";"1980-10-20";"1980-10-20 06:25:00";"1980-10-20 06:52:00";"1980-10-20 07:26:00";"1980-10-20 10:51:00";65.8;23.1;3424.1;33.7;1.6;6.7;25.7;6.0;2157.5;72.2;80.8;81.2;31.7;29.5;26;60;36;282;27;61;266;34;205
983.2;3573.7;1025.6;1452.9;"1980-10-14";"1980-10-14 08:00:00";"1980-10-14 08:30:00";"1980-10-14 09:30:00";"1980-10-14 09:50:00";"1980-10-14 07:42:00";"1980-10-14 12:50:00";"1980-10-21";"1980-10-21 05:45:00";"1980-10-21 06:12:00";"1980-10-21 06:46:00";"1980-10-21 10:34:00";68.1;23.1;3424.1;33.7;1.6;6.7;25.7;6.0;2157.5;72.1;80.8;81.2;31.7;29.5;30;60;20;180;27;61;289;34;228
969.0;3523.7;1075.8;1516.9;"1980-10-18";"1980-10-18 07:25:00";"1980-10-18 07:51:00";"1980-10-18 08:51:00";"1980-10-18 09:20:00";"1980-10-18 11:00:00";"1980-10-18 16:02:00";"1980-10-25";"1980-10-25 06:06:00";"1980-10-25 06:40:00";"1980-10-25 07:10:00";"1980-10-25 11:23:00";64.8;20.1;3376.0;33.7;1.6;6.7;25.7;6.0;2157.5;72.5;80.8;80.9;31.7;29.5;26;60;29;402;34;64;317;30;253
983.2;3573.7;1004.9;1420.9;"1980-10-19";"1980-10-19 07:15:00";"1980-10-19 07:42:00";"1980-10-19 08:42:00";"1980-10-19 09:00:00";"1980-10-19 08:45:00";"1980-10-19 13:33:00";"1980-10-26";"1980-10-26 05:20:00";"1980-10-26 05:45:00";"1980-10-26 06:19:00";"1980-10-26 10:10:00";66.0;21.1;3424.1;33.7;1.6;6.7;25.7;6.0;2157.5;72.2;80.8;81.0;31.7;29.5;27;60;18;273;25;59;290;34;231
983.2;3573.7;993.1;1403.9;"1980-10-20";"1980-10-20 06:59:00";"1980-10-20 07:25:00";"1980-10-20 08:25:00";"1980-10-20 08:40:00";"1980-10-20 07:55:00";"1980-10-20 12:55:00";"1980-10-27";"1980-10-27 05:50:00";"1980-10-27 06:18:00";"1980-10-27 06:52:00";"1980-10-27 10:41:00";64.8;21.1;3424.1;33.7;1.6;6.7;25.7;6.0;2157.5;72.2;80.8;80.9;31.7;29.5;26;60;15;255;28;62;291;34;229
964.4;3473.7;1054.8;1490.9;"1980-10-21";"1980-10-21 05:58:00";"1980-10-21 06:24:00";"1980-10-21 07:24:00";"1980-10-21 07:40:00";"1980-10-21 08:30:00";"1980-10-21 13:25:00";"1980-10-28";"1980-10-28 05:40:00";"1980-10-28 06:10:00";"1980-10-28 06:40:00";"1980-10-28 10:28:00";65.8;20.1;3326.7;34.0;1.6;6.7;25.7;6.0;2057.5;72.3;80.8;80.9;31.7;29.5;26;60;16;345;30;60;288;30;228
983.2;3573.7;1100.2;1549.9;"1980-10-25";"1980-10-25 07:24:00";"1980-10-25 07:50:00";"1980-10-25 08:50:00";"1980-10-25 09:15:00";"1980-10-25 07:52:00";"1980-10-25 12:38:00";"1980-11-01";"1980-11-01 05:02:00";"1980-11-01 05:45:00";"1980-11-01 06:15:00";"1980-11-01 10:17:00";64.8;21.1;3424.1;33.7;1.6;6.7;25.7;6.0;2057.5;72.6;80.8;80.9;31.7;29.5;26;60;25;203;43;73;315;30;242
983.2;3573.7;1063.4;1494.9;"1980-10-26";"1980-10-26 06:38:00";"1980-10-26 07:04:00";"1980-10-26 08:04:00";"1980-10-26 08:30:00";"1980-10-26 07:45:00";"1980-10-26 13:30:00";"1980-11-02";"1980-11-02 05:36:00";"1980-11-02 06:05:00";"1980-11-02 06:35:00";"1980-11-02 10:30:00";64.8;21.1;3424.1;33.7;1.6;6.7;25.7;6.0;2157.5;72.7;80.8;80.7;31.7;29.5;26;60;26;300;29;59;294;30;235
983.2;3573.7;1060.3;1498.9;"1980-10-27";"1980-10-27 07:01:00";"1980-10-27 07:27:00";"1980-10-27 08:27:00";"1980-10-27 09:00:00";"1980-10-27 08:25:00";"1980-10-27 13:50:00";"1980-11-03";"1980-11-03 06:04:00";"1980-11-03 06:25:00";"1980-11-03 06:55:00";"1980-11-03 10:43:00";67.8;23.1;3424.1;33.7;1.6;6.7;25.7;6.0;2157.5;72.3;63.8;81.5;60.8;29.5;26;60;33;290;21;51;279;30;228
1011.6;3673.7;873.3;1251.9;"1980-10-28";"1980-10-28 05:53:00";"1980-10-28 06:20:00";"1980-10-28 07:20:00";"1980-10-28 07:30:00";"1980-10-28 07:36:00";"1980-10-28 12:57:00";"1980-11-04";"1980-11-04 06:20:00";"1980-11-04 06:55:00";"1980-11-04 07:25:00";"1980-11-04 10:49:00";64.8;21.1;3520.4;33.7;1.7;6.7;25.7;6.0;2157.5;71.0;80.8;80.2;31.7;29.5;27;60;10;327;35;65;269;30;204
1011.6;3673.7;1110.9;1571.9;"1980-11-01";"1980-11-01 06:20:00";"1980-11-01 06:46:00";"1980-11-01 07:46:00";"1980-11-01 08:20:00";"1980-11-01 09:40:00";"1980-11-01 14:45:00";"1980-11-08";"1980-11-08 05:45:00";"1980-11-08 06:20:00";"1980-11-08 06:50:00";"1980-11-08 10:55:00";66.8;21.1;3520.4;33.7;1.7;6.7;25.7;6.0;2157.5;72.3;80.8;81.3;31.7;29.5;26;60;34;385;35;65;310;30;245
983.2;3573.7;1031.2;1456.9;"1980-11-02";"1980-11-02 07:12:00";"1980-11-02 07:37:00";"1980-11-02 08:37:00";"1980-11-02 09:35:00";"1980-11-02 08:25:00";"1980-11-02 14:00:00";"1980-11-09";"1980-11-09 06:18:00";"1980-11-09 06:42:00";"1980-11-09 07:15:00";"1980-11-09 11:15:00";65.8;22.1;3424.1;33.7;1.6;6.7;25.7;6.0;2107.5;72.3;80.8;81.4;31.9;29.5;25;60;58;265;24;57;297;33;240
983.2;3573.7;1136.7;1588.9;"1980-11-03";"1980-11-03 06:15:00";"1980-11-03 06:43:00";"1980-11-03 07:43:00";"1980-11-03 08:10:00";"1980-11-03 07:40:00";"1980-11-03 13:15:00";"1980-11-10";"1980-11-10 06:10:00";"1980-11-10 06:34:00";"1980-11-10 07:05:00";"1980-11-10 11:15:00";65.8;23.1;3424.1;33.7;1.6;6.7;25.7;6.0;1957.5;73.2;80.8;81.9;31.9;29.5;28;60;27;305;24;55;305;31;250
983.2;3573.7;1080.7;1521.9;"1980-11-04";"1980-11-04 06:42:00";"1980-11-04 07:10:00";"1980-11-04 08:10:00";"1980-11-04 08:25:00";"1980-11-04 07:30:00";"1980-11-04 13:45:00";"1980-11-11";"1980-11-11 05:06:00";"1980-11-11 05:33:00";"1980-11-11 06:07:00";"1980-11-11 09:50:00";64.8;20.4;3424.1;33.7;1.6;6.7;25.7;6.0;2007.5;72.6;80.8;81.9;31.7;29.5;28;60;15;320;27;61;284;34;223
983.2;3573.7;1063.4;1494.9;"1980-12-13";"1980-12-13 07:25:00";"1980-12-13 07:53:00";"1980-12-13 08:53:00";"1980-12-13 09:05:00";"1980-12-13 09:50:00";"1980-12-13 16:50:00";"1980-12-20";"1980-12-20 06:16:00";"1980-12-20 06:48:00";"1980-12-20 07:24:00";"1980-12-20 11:26:00";66.8;20.1;3424.1;33.7;1.6;6.7;25.7;6.0;1857.5;72.7;80.5;81.4;31.3;29.5;28;60;12;465;32;68;310;36;242
983.2;3573.7;1031.9;1457.9;"1980-12-14";"1980-12-14 06:00:00";"1980-12-14 06:25:00";"1980-12-14 07:25:00";"1980-12-14 07:35:00";"1980-12-14 08:30:00";"1980-12-14 13:20:00";"1980-12-21";"1980-12-21 05:43:00";"1980-12-21 06:15:00";"1980-12-21 06:48:00";"1980-12-21 10:43:00";64.8;20.1;3424.1;33.7;1.6;6.7;25.7;6.0;1857.5;72.3;80.5;81.8;31.3;29.5;25;60;10;345;32;65;300;33;235
948.4;3473.7;839.7;1193.9;"1981-01-10";"1981-01-10 09:58:00";"1981-01-10 10:26:00";"1981-01-10 11:26:00";"1981-01-10 11:40:00";"1981-01-10 10:45:00";"1981-01-10 16:00:00";"1981-01-17";"1981-01-17 06:00:00";"1981-01-17 06:35:00";"1981-01-17 07:07:00";"1981-01-17 10:19:00";65.8;20.1;3328.6;33.5;1.6;6.7;25.2;6.0;2057.5;71.5;80.5;81.4;31.3;29.5;28;60;14;260;35;67;259;32;192
983.2;3573.7;1013.2;1428.9;"1981-01-12";"1981-01-12 08:14:00";"1981-01-12 08:42:00";"1981-01-12 09:42:00";"1981-01-12 09:50:00";"1981-01-12 08:24:00";"1981-01-12 13:40:00";"1981-01-19";"1981-01-19 06:45:00";"1981-01-19 07:25:00";"1981-01-19 07:55:00";"1981-01-19 12:15:00";64.8;20.1;3424.1;33.7;1.6;6.7;25.2;6.0;2057.5;72.4;80.5;81.9;31.3;29.5;28;60;8;230;40;70;330;30;260
983.2;3573.7;1053.0;1498.9;"1981-01-17";"1981-01-17 06:09:00";"1981-01-17 06:35:00";"1981-01-17 07:35:00";"1981-01-17 08:05:00";"1981-01-17 10:15:00";"1981-01-17 16:20:00";"1981-01-24";"1981-01-24 06:25:00";"1981-01-24 07:00:00";"1981-01-24 07:35:00";"1981-01-24 11:32:00";66.8;20.1;3424.1;33.7;1.6;6.7;25.2;6.0;2057.5;71.8;80.5;81.7;31.3;29.5;26;60;30;495;35;70;307;35;237
983.2;3573.7;995.9;1407.9;"1981-01-18";"1981-01-18 06:47:00";"1981-01-18 07:17:00";"1981-01-18 08:17:00";"1981-01-18 08:35:00";"1981-01-18 08:05:00";"1981-01-18 13:00:00";"1981-01-25";"1981-01-25 06:24:00";"1981-01-25 06:44:00";"1981-01-25 07:19:00";"1981-01-25 10:52:00";65.8;20.1;3424.1;33.7;1.6;6.7;25.2;6.0;1957.5;72.2;80.5;81.4;31.3;29.5;30;60;18;265;20;55;268;35;213
983.2;3573.7;975.2;1381.9;"1981-01-19";"1981-01-19 06:55:00";"1981-01-19 07:25:00";"1981-01-19 08:25:00";"1981-01-19 08:50:00";"1981-01-19 07:45:00";"1981-01-19 12:45:00";"1981-01-26";"1981-01-26 06:22:00";"1981-01-26 06:52:00";"1981-01-26 07:26:00";"1981-01-26 11:07:00";66.3;20.1;3424.1;33.7;1.6;6.7;25.2;6.0;1957.5;72.0;80.5;81.4;31.3;29.5;30;60;25;235;30;64;285;34;221
954.8;3473.7;858.9;1228.9;"1981-01-20";"1981-01-20 06:36:00";"1981-01-20 07:04:00";"1981-01-20 08:04:00";"1981-01-20 09:15:00";"1981-01-20 07:55:00";"1981-01-20 13:00:00";"1981-01-27";"1981-01-27 06:12:00";"1981-01-27 06:45:00";"1981-01-27 07:17:00";"1981-01-27 10:52:00";66.8;20.1;3327.8;33.7;1.6;6.7;25.2;6.0;2057.5;71.1;80.5;80.7;31.3;29.5;28;60;71;225;33;65;280;32;215
1011.6;3673.7;855.6;1225.9;"1981-01-24";"1981-01-24 06:38:00";"1981-01-24 07:05:00";"1981-01-24 08:05:00";"1981-01-24 08:35:00";"1981-01-24 07:25:00";"1981-01-24 15:30:00";"1981-01-31";"1981-01-31 06:50:00";"1981-01-31 07:25:00";"1981-01-31 07:50:00";"1981-01-31 11:15:00";68.1;20.1;3520.4;33.7;1.7;6.7;25.2;6.0;2057.5;71.0;80.5;13.9;31.3;29.5;27;60;30;415;35;60;265;25;205
1011.6;3673.7;953.4;1361.9;"1981-01-25";"1981-01-25 06:33:00";"1981-01-25 07:01:00";"1981-01-25 08:01:00";"1981-01-25 08:13:00";"1981-01-25 08:30:00";"1981-01-25 13:00:00";"1981-02-01";"1981-02-01 06:50:00";"1981-02-01 07:25:00";"1981-02-01 07:58:00";"1981-02-01 11:40:00";68.0;20.1;3520.4;33.7;1.7;6.7;25.2;6.0;2057.5;71.4;80.5;81.4;31.3;29.5;28;60;12;287;35;68;290;33;222
1011.6;3673.7;1005.5;1431.9;"1981-01-26";"1981-01-26 06:35:00";"1981-01-26 07:02:00";"1981-01-26 08:02:00";"1981-01-26 08:40:00";"1981-01-26 08:20:00";"1981-01-26 13:20:00";"1981-02-02";"1981-02-02 07:00:00";"1981-02-02 07:35:00";"1981-02-02 08:00:00";"1981-02-02 11:50:00";68.0;20.1;3520.4;33.7;1.7;6.7;25.2;6.0;2057.5;71.7;80.5;80.9;31.3;29.5;27;60;38;280;35;60;290;25;230
1011.6;3673.7;976.7;1391.9;"1981-01-27";"1981-01-27 06:22:00";"1981-01-27 06:50:00";"1981-01-27 07:50:00";"1981-01-27 08:30:00";"1981-01-27 08:25:00";"1981-01-27 14:47:00";"1981-02-03";"1981-02-03 06:20:00";"1981-02-03 06:55:00";"1981-02-03 07:25:00";"1981-02-03 11:10:00";68.0;20.1;3520.4;33.7;1.7;6.7;25.2;6.0;2057.5;71.6;80.0;81.4;31.3;29.5;28;60;40;377;35;65;290;30;225
1011.6;3673.7;993.1;1407.9;"1981-01-31";"1981-01-31 07:50:00";"1981-01-31 08:17:00";"1981-01-31 09:17:00";"1981-01-31 09:40:00";"1981-01-31 09:05:00";"1981-01-31 13:40:00";"1981-02-07";"1981-02-07 06:45:00";"1981-02-07 07:20:00";"1981-02-07 07:50:00";"1981-02-07 11:26:00";68.1;22.1;3520.4;33.7;1.7;6.7;24.7;6.0;2057.5;72.0;80.0;81.4;31.3;29.5;27;60;23;240;35;65;281;30;216
1011.6;3673.7;980.7;1391.9;"1981-02-02";"1981-02-02 07:35:00";"1981-02-02 08:03:00";"1981-02-02 09:03:00";"1981-02-02 09:20:00";"1981-02-02 11:40:00";"1981-02-02 16:10:00";"1981-02-09";"1981-02-09 07:10:00";"1981-02-09 07:30:00";"1981-02-09 08:00:00";"1981-02-09 11:30:00";68.0;22.1;3520.4;33.7;1.7;6.7;24.7;6.0;2057.5;71.9;80.7;81.9;31.3;29.5;28;60;17;410;20;50;260;30;210
1011.6;3673.7;1114.8;1559.9;"1981-02-03";"1981-02-03 06:35:00";"1981-02-03 07:05:00";"1981-02-03 08:05:00";"1981-02-03 08:40:00";"1981-02-03 08:50:00";"1981-02-03 13:00:00";"1981-02-10";"1981-02-10 06:00:00";"1981-02-10 06:35:00";"1981-02-10 07:00:00";"1981-02-10 12:30:00";68.0;20.1;3520.4;33.7;1.7;6.7;26.2;6.0;2057.5;73.1;80.5;81.7;31.3;29.5;30;60;35;260;35;60;390;25;330
1011.6;3673.7;944.7;1333.9;"1981-02-07";"1981-02-07 07:40:00";"1981-02-07 08:10:00";"1981-02-07 09:10:00";"1981-02-07 09:30:00";"1981-02-07 09:55:00";"1981-02-07 14:45:00";"1981-02-14";"1981-02-14 08:45:00";"1981-02-14 09:30:00";"1981-02-14 10:05:00";"1981-02-14 13:30:00";23.8;22.1;3520.4;33.7;1.7;6.7;26.2;6.0;2057.5;72.2;80.5;81.4;31.3;29.5;30;60;20;315;45;80;285;35;205
1011.6;3673.7;944.3;1340.9;"1981-02-10";"1981-02-10 06:22:00";"1981-02-10 06:50:00";"1981-02-10 07:50:00";"1981-02-10 08:15:00";"1981-02-10 08:35:00";"1981-02-10 13:35:00";"1981-02-17";"1981-02-17 06:15:00";"1981-02-17 06:40:00";"1981-02-17 07:15:00";"1981-02-17 11:15:00";68.0;21.1;3520.4;33.7;1.7;6.7;24.7;6.0;2057.5;71.8;80.5;81.1;31.3;29.5;28;60;25;320;25;60;300;35;240
954.8;3473.7;956.3;1346.9;"1981-02-15";"1981-02-15 07:35:00";"1981-02-15 08:07:00";"1981-02-15 09:07:00";"1981-02-15 09:30:00";"1981-02-15 08:50:00";"1981-02-15 15:03:00";"1981-02-22";"1981-02-22 06:35:00";"1981-02-22 07:12:00";"1981-02-22 07:50:00";"1981-02-22 11:45:00";67.9;21.1;3327.8;33.7;1.6;6.7;24.7;6.0;2057.5;72.4;80.0;81.8;31.3;29.5;32;60;23;333;37;75;310;38;235
983.2;3573.7;977.4;1396.9;"1981-04-25";"1981-04-25 06:57:00";"1981-04-25 07:23:00";"1981-04-25 08:23:00";"1981-04-25 08:40:00";"1981-04-25 09:45:00";"1981-04-25 14:30:00";"1981-05-02";"1981-05-02 06:20:00";"1981-05-02 06:43:00";"1981-05-02 07:18:00";"1981-05-02 11:16:00";65.8;20.1;3424.1;33.7;1.6;6.7;25.7;6.0;2057.5;71.4;80.5;81.2;31.3;29.5;26;60;17;350;23;58;296;35;238
983.2;3573.7;993.7;1424.9;"1981-04-26";"1981-04-26 07:15:00";"1981-04-26 07:45:00";"1981-04-26 08:45:00";"1981-04-26 09:20:00";"1981-04-26 08:40:00";"1981-04-26 14:00:00";"1981-05-03";"1981-05-03 06:05:00";"1981-05-03 06:25:00";"1981-05-03 06:58:00";"1981-05-03 10:58:00";64.8;20.1;3424.1;33.7;1.6;6.7;25.7;6.0;2057.5;71.2;80.5;80.9;31.3;29.5;30;60;35;280;20;53;293;33;240
983.2;3573.7;1094.2;1549.9;"1981-04-27";"1981-04-27 06:35:00";"1981-04-27 07:05:00";"1981-04-27 07:55:00";"1981-04-27 08:10:00";"1981-04-27 07:40:00";"1981-04-27 12:40:00";"1981-05-04";"1981-05-04 05:48:00";"1981-05-04 06:10:00";"1981-05-04 06:43:00";"1981-05-04 10:55:00";64.8;20.1;3424.1;33.7;1.6;6.7;25.7;6.0;2057.5;72.2;80.5;81.3;31.3;29.5;30;50;15;270;22;55;307;33;252
1011.6;3673.7;1086.8;1534.9;"1981-04-28";"1981-04-28 08:30:00";"1981-04-28 09:00:00";"1981-04-28 10:00:00";"1981-04-28 10:20:00";"1981-04-28 07:10:00";"1981-04-28 12:30:00";"1981-05-05";"1981-05-05 05:07:00";"1981-05-05 05:30:00";"1981-05-05 06:00:00";"1981-05-05 10:03:00";64.8;20.1;3520.4;33.7;1.7;6.7;25.7;6.0;2057.5;72.4;80.5;81.3;31.3;29.5;30;60;20;130;23;53;296;30;243
1011.6;3673.7;926.6;1341.9;"1981-05-03";"1981-05-03 06:20:00";"1981-05-03 06:42:00";"1981-05-03 07:42:00";"1981-05-03 08:10:00";"1981-05-03 08:50:00";"1981-05-03 13:40:00";"1981-05-10";"1981-05-10 07:15:00";"1981-05-10 07:35:00";"1981-05-10 08:10:00";"1981-05-10 12:10:00";64.8;20.1;3520.4;33.7;1.7;6.7;25.7;6.0;2057.5;70.4;80.5;80.4;31.3;29.5;22;60;28;330;20;55;295;35;240
1011.6;3673.7;1039.2;1478.9;"1981-05-04";"1981-05-04 06:20:00";"1981-05-04 06:50:00";"1981-05-04 07:50:00";"1981-05-04 08:20:00";"1981-05-04 09:10:00";"1981-05-04 14:30:00";"1981-05-11";"1981-05-11 07:20:00";"1981-05-11 07:40:00";"1981-05-11 08:14:00";"1981-05-11 12:00:00";64.8;20.1;3520.4;33.7;1.7;6.7;25.7;6.0;2057.5;71.8;80.5;80.4;31.3;29.5;30;60;30;370;20;54;280;34;226
1011.6;3673.7;1057.8;1505.9;"1981-05-05";"1981-05-05 06:05:00";"1981-05-05 06:35:00";"1981-05-05 07:35:00";"1981-05-05 08:00:00";"1981-05-05 08:20:00";"1981-05-05 13:10:00";"1981-05-12";"1981-05-12 06:35:00";"1981-05-12 06:55:00";"1981-05-12 07:30:00";"1981-05-12 11:15:00";64.8;20.1;3520.4;33.7;1.7;6.7;25.7;6.0;2057.5;71.8;80.5;81.4;31.3;29.5;30;60;25;310;20;55;280;35;225
1011.6;3673.7;1070.2;1523.9;"1981-05-09";"1981-05-09 08:20:00";"1981-05-09 08:45:00";"1981-05-09 09:45:00";"1981-05-09 10:15:00";"1981-05-09 10:30:00";"1981-05-09 15:15:00";"1981-05-16";"1981-05-16 07:15:00";"1981-05-16 07:37:00";"1981-05-16 08:20:00";"1981-05-16 12:13:00";64.8;21.1;3520.4;33.7;1.7;6.7;25.7;6.0;2057.5;71.8;80.5;81.5;31.3;29.5;25;60;30;300;22;65;298;43;233
1011.6;3673.7;1108.5;1581.9;"1981-05-10";"1981-05-10 08:20:00";"1981-05-10 08:47:00";"1981-05-10 09:47:00";"1981-05-10 11:15:00";"1981-05-10 08:30:00";"1981-05-10 13:40:00";"1981-05-17";"1981-05-17 07:35:00";"1981-05-17 07:56:00";"1981-05-17 08:26:00";"1981-05-17 12:39:00";64.8;20.1;3520.4;33.7;1.7;6.7;25.7;6.0;2050.5;71.7;80.5;81.0;31.3;29.5;27;60;88;145;21;51;304;30;253
1011.6;3673.7;1132.9;1605.9;"1981-05-11";"1981-05-11 08:18:00";"1981-05-11 08:45:00";"1981-05-11 09:45:00";"1981-05-11 10:00:00";"1981-05-11 08:18:00";"1981-05-11 13:32:00";"1981-05-18";"1981-05-18 07:00:00";"1981-05-18 07:36:00";"1981-05-18 08:06:00";"1981-05-18 12:06:00";64.8;20.1;3520.4;33.7;1.7;6.7;25.7;6.0;2057.5;72.2;80.5;81.2;31.3;29.5;27;60;15;212;36;66;306;30;240
1011.6;3673.7;906.1;1290.9;"1981-05-12";"1981-05-12 08:24:00";"1981-05-12 08:50:00";"1981-05-12 09:50:00";"1981-05-12 10:30:00";"1981-05-12 08:15:00";"1981-05-12 13:00:00";"1981-05-19";"1981-05-19 07:00:00";"1981-05-19 07:26:00";"1981-05-19 08:01:00";"1981-05-19 10:40:00";64.8;20.1;3520.4;33.7;1.7;6.7;25.7;6.0;2057.5;71.5;80.5;81.4;31.3;29.5;26;60;40;150;26;61;220;35;159
996.4;3573.7;1073.8;1511.9;"1981-05-16";"1981-05-16 09:50:00";"1981-05-16 10:15:00";"1981-05-16 11:15:00";"1981-05-16 11:30:00";"1981-05-16 09:55:00";"1981-05-16 14:15:00";"1981-05-23";"1981-05-23 07:00:00";"1981-05-23 07:35:00";"1981-05-23 08:11:00";"1981-05-23 10:15:00";65.8;20.1;3422.5;34.1;1.7;6.7;25.7;6.0;2057.5;72.6;79.8;14.9;61.3;29.5;25;60;15;165;35;71;195;36;124
1025.2;3673.7;1009.7;1429.9;"1981-05-18";"1981-05-18 08:21:00";"1981-05-18 08:47:00";"1981-05-18 09:47:00";"1981-05-18 10:18:00";"1981-05-18 08:19:00";"1981-05-18 12:25:00";"1981-05-25";"1981-05-25 06:55:00";"1981-05-25 07:30:00";"1981-05-25 08:10:00";"1981-05-25 11:52:00";68.6;21.1;3518.8;34.1;1.7;6.7;25.7;6.0;2057.5;72.1;80.0;81.7;31.3;29.5;26;60;31;127;35;75;297;40;222
983.2;3573.7;916.0;1310.9;"1981-05-19";"1981-05-19 07:40:00";"1981-05-19 08:03:00";"1981-05-19 09:03:00";"1981-05-19 09:51:00";"1981-05-19 08:15:00";"1981-05-19 12:10:00";"1981-05-26";"1981-05-26 06:28:00";"1981-05-26 06:55:00";"1981-05-26 07:33:00";"1981-05-26 10:45:00";63.8;22.3;3424.1;33.7;1.6;6.7;25.7;6.0;2057.5;71.2;80.5;80.1;31.3;29.5;23;60;48;139;27;65;257;38;192
983.2;3573.7;1044.8;1484.9;"1981-06-20";"1981-06-20 14:15:00";"1981-06-20 14:45:00";"1981-06-20 15:50:00";"1981-06-20 16:20:00";"1981-06-20 16:57:00";"1981-06-20 22:20:00";"1981-06-27";"1981-06-27 07:15:00";"1981-06-27 07:36:00";"1981-06-27 08:10:00";"1981-06-27 11:53:00";68.8;21.1;3424.1;33.7;1.6;6.8;26.2;6.0;1757.5;71.9;80.5;81.8;31.3;29.5;30;65;30;360;21;55;278;34;223
983.2;3573.7;1130.4;1579.9;"1981-06-21";"1981-06-21 06:47:00";"1981-06-21 07:14:00";"1981-06-21 08:14:00";"1981-06-21 08:45:00";"1981-06-21 08:05:00";"1981-06-21 13:35:00";"1981-06-27";"1981-06-27 14:30:00";"1981-06-27 14:52:00";"1981-06-27 15:24:00";"1981-06-27 19:18:00";64.8;21.1;3424.1;33.7;1.6;6.8;26.2;6.0;1857.5;73.2;80.5;81.4;31.3;29.5;27;60;31;290;22;54;288;32;234
869.6;3173.7;1044.8;1451.9;"1981-06-21";"1981-06-21 14:15:00";"1981-06-21 14:45:00";"1981-06-21 15:45:00";"1981-06-21 16:15:00";"1981-06-21 16:20:00";"1981-06-21 20:35:00";"1981-06-28";"1981-06-28 04:45:00";"1981-06-28 04:50:00";"1981-06-28 05:22:00";"1981-06-28 08:50:00";68.6;21.1;3038.9;33.7;1.5;6.8;26.2;6.0;1857.5;73.5;80.5;82.8;31.3;29.5;30;60;30;260;5;37;245;32;208
898.0;3273.7;1001.8;1440.9;"1981-06-22";"1981-06-22 06:37:00";"1981-06-22 07:03:00";"1981-06-22 08:03:00";"1981-06-22 08:30:00";"1981-06-22 06:38:00";"1981-06-22 11:20:00";"1981-06-28";"1981-06-28 11:39:00";"1981-06-28 12:02:00";"1981-06-28 12:33:00";"1981-06-28 16:14:00";64.8;21.1;3135.2;33.7;1.5;6.8;26.2;6.0;2050.5;71.0;80.5;81.9;61.3;29.5;26;60;27;170;23;54;275;31;221
983.2;3573.7;1088.4;1532.9;"1981-06-28";"1981-06-28 06:05:00";"1981-06-28 06:32:00";"1981-06-28 07:37:00";"1981-06-28 07:55:00";"1981-06-28 07:50:00";"1981-06-28 12:35:00";"1981-07-04";"1981-07-04 13:05:00";"1981-07-04 13:24:00";"1981-07-04 13:55:00";"1981-07-04 17:50:00";68.0;21.1;3424.1;33.7;1.6;6.8;26.2;6.0;1957.5;72.6;80.5;82.1;31.3;29.5;27;65;18;280;19;50;285;31;235
756.0;2773.7;621.4;905.9;"1981-07-04";"1981-07-04 06:43:00";"1981-07-04 07:10:00";"1981-07-04 08:10:00";"1981-07-04 08:25:00";"1981-07-04 08:50:00";"1981-07-04 12:44:00";"1981-07-10";"1981-07-10 13:00:00";"1981-07-10 13:25:00";"1981-07-10 13:56:00";"1981-07-10 16:10:00";64.8;21.1;2653.6;33.7;1.3;6.7;25.7;6.0;1857.5;69.1;78.5;78.0;31.3;29.5;27;60;15;259;25;56;190;31;134
841.2;3073.7;678.3;974.9;"1981-07-04";"1981-07-04 14:20:00";"1981-07-04 14:50:00";"1981-07-04 15:50:00";"1981-07-04 16:05:00";"1981-07-04 15:40:00";"1981-07-04 19:30:00";"1981-07-11";"1981-07-11 06:12:00";"1981-07-11 06:35:00";"1981-07-11 07:09:00";"1981-07-11 09:50:00";63.8;21.1;2942.6;33.7;1.4;6.8;26.2;6.0;1957.5;70.3;78.0;79.3;31.3;29.5;30;60;15;205;23;57;218;34;161
727.6;2673.7;533.3;775.9;"1981-07-05";"1981-07-05 06:52:00";"1981-07-05 07:18:00";"1981-07-05 08:18:00";"1981-07-05 08:35:00";"1981-07-05 08:34:00";"1981-07-05 12:30:00";"1981-07-11";"1981-07-11 13:06:00";"1981-07-11 13:26:00";"1981-07-11 13:57:00";"1981-07-11 16:02:00";65.8;21.1;2557.3;33.7;1.2;6.8;26.2;6.0;2050.5;68.8;78.0;76.9;61.3;29.5;26;60;17;235;20;51;176;31;125
983.2;3573.7;936.9;1318.9;"1981-07-05";"1981-07-05 14:15:00";"1981-07-05 14:45:00";"1981-07-05 15:50:00";"1981-07-05 16:15:00";"1981-07-05 15:00:00";"1981-07-05 20:05:00";"1981-07-12";"1981-07-12 06:18:00";"1981-07-12 06:39:00";"1981-07-12 07:10:00";"1981-07-12 10:45:00";65.8;21.1;3424.1;33.7;1.6;6.7;25.7;6.0;2050.5;72.4;78.0;81.0;61.3;29.5;30;65;25;230;21;52;267;31;215
983.2;3573.7;933.8;1321.9;"1981-07-05";"1981-07-05 14:36:00";"1981-07-05 15:01:00";"1981-07-05 16:01:00";"1981-07-05 16:45:00";"1981-07-05 14:35:00";"1981-07-05 19:25:00";"1981-07-18";"1981-07-18 06:15:00";"1981-07-18 06:45:00";"1981-07-18 07:20:00";"1981-07-18 10:43:00";67.8;21.1;3424.1;33.7;1.6;6.7;25.7;6.0;2050.5;72.0;80.5;81.7;61.3;29.5;25;60;44;160;30;65;268;35;203
841.2;3073.7;886.3;1254.9;"1981-07-06";"1981-07-06 10:10:00";"1981-07-06 10:36:00";"1981-07-06 11:38:00";"1981-07-06 11:50:00";"1981-07-06 13:55:00";"1981-07-06 19:22:00";"1981-07-13";"1981-07-13 06:25:00";"1981-07-13 06:41:00";"1981-07-13 07:13:00";"1981-07-13 10:25:00";67.8;21.1;2942.6;33.7;1.4;6.8;26.2;6.0;1857.5;71.9;80.5;81.1;31.3;29.5;26;62;12;452;16;48;240;32;192
670.8;2473.7;633.0;904.9;"1981-07-07";"1981-07-07 06:18:00";"1981-07-07 06:43:00";"1981-07-07 07:43:00";"1981-07-07 08:00:00";"1981-07-07 08:35:00";"1981-07-07 12:15:00";"1981-07-13";"1981-07-13 13:25:00";"1981-07-13 13:44:00";"1981-07-13 14:17:00";"1981-07-13 16:33:00";63.8;21.1;2364.7;33.7;1.2;6.8;26.2;6.0;2050.5;70.5;80.5;20.9;61.3;29.5;25;60;17;255;19;52;188;33;136
983.2;3573.7;965.4;1361.9;"1981-07-12";"1981-07-12 14:55:00";"1981-07-12 15:22:00";"1981-07-12 16:22:00";"1981-07-12 16:40:00";"1981-07-12 14:10:00";"1981-07-12 18:50:00";"1981-07-19";"1981-07-19 05:50:00";"1981-07-19 06:15:00";"1981-07-19 06:55:00";"1981-07-19 23:00:00";67.8;21.1;3424.1;33.7;1.6;6.7;25.7;6.0;2050.5;72.3;80.5;81.8;61.3;29.5;27;60;18;130;25;65;1030;40;965
812.8;2973.7;846.0;1192.9;"1981-07-13";"1981-07-13 08:00:00";"1981-07-13 08:30:00";"1981-07-13 09:30:00";"1981-07-13 09:45:00";"1981-07-13 08:05:00";"1981-07-13 11:47:00";"1981-07-19";"1981-07-19 13:05:00";"1981-07-19 13:20:00";"1981-07-19 13:50:00";"1981-07-19 16:40:00";68.8;21.1;2846.3;33.7;1.4;6.7;25.7;6.0;2050.5;72.1;80.5;81.3;61.3;29.5;30;60;15;122;15;45;215;30;170
954.8;3473.7;695.6;961.9;"1981-07-13";"1981-07-13 14:23:00";"1981-07-13 14:49:00";"1981-07-13 15:49:00";"1981-07-13 16:15:00";"1981-07-13 14:00:00";"1981-07-13 18:30:00";"1981-07-20";"1981-07-20 06:00:00";"1981-07-20 06:25:00";"1981-07-20 07:15:00";"1981-07-20 09:43:00";65.8;21.1;3327.8;33.7;1.6;6.7;25.7;6.0;2050.5;73.1;80.5;81.4;66.3;29.5;26;60;26;135;25;75;223;50;148
983.2;3573.7;977.6;1131.9;"1981-07-19";"1981-07-19 10:45:00";"1981-07-19 11:11:00";"1981-07-19 12:11:00";"1981-07-19 12:30:00";"1981-07-19 14:00:00";"1981-07-19 18:50:00";"1981-07-21";"1981-07-21 05:50:00";"1981-07-21 06:15:00";"1981-07-21 07:00:00";"1981-07-21 13:08:00";68.8;21.1;3424.1;33.7;1.6;6.8;26.2;6.0;2057.5;87.9;80.5;94.2;31.3;29.5;26;60;19;380;25;70;438;45;368
784.4;2873.7;1107.0;1550.9;"1981-08-01";"1981-08-01 07:40:00";"1981-08-01 08:08:00";"1981-08-01 09:08:00";"1981-08-01 09:53:00";"1981-08-01 11:10:00";"1981-08-01 17:15:00";"1981-08-07";"1981-08-07 18:00:00";"1981-08-07 19:17:00";"1981-08-07 19:47:00";"1981-08-07 23:30:00";71.8;23.1;2749.9;33.7;1.3;6.8;26.2;6.0;1757.5;73.0;81.0;83.9;31.3;29.5;28;60;45;442;77;107;330;30;223
983.2;3573.7;1025.6;1450.9;"1981-08-02";"1981-08-02 07:10:00";"1981-08-02 07:40:00";"1981-08-02 08:40:00";"1981-08-02 09:00:00";"1981-08-02 08:55:00";"1981-08-02 13:37:00";"1981-08-08";"1981-08-08 14:00:00";"1981-08-08 14:22:00";"1981-08-08 14:55:00";"1981-08-08 18:37:00";69.8;24.1;3424.1;33.7;1.6;6.8;26.2;6.0;1957.5;72.2;80.0;81.6;31.3;29.5;30;60;20;277;22;55;277;33;222
983.2;3573.7;943.7;1343.9;"1981-08-02";"1981-08-02 09:45:00";"1981-08-02 10:15:00";"1981-08-02 11:15:00";"1981-08-02 11:55:00";"1981-08-02 16:10:00";"1981-08-02 21:10:00";"1981-08-09";"1981-08-09 06:20:00";"1981-08-09 06:42:00";"1981-08-09 07:14:00";"1981-08-09 10:45:00";71.8;23.1;3424.1;33.7;1.6;6.8;26.2;6.0;2057.5;71.6;80.0;81.5;31.3;29.5;30;60;40;555;22;54;265;32;211
699.2;2573.7;544.7;789.9;"1981-08-03";"1981-08-03 07:30:00";"1981-08-03 07:55:00";"1981-08-03 08:55:00";"1981-08-03 09:15:00";"1981-08-03 09:05:00";"1981-08-03 12:43:00";"1981-08-09";"1981-08-09 14:00:00";"1981-08-09 14:24:00";"1981-08-09 14:54:00";"1981-08-09 16:58:00";69.8;23.1;2461.0;33.7;1.2;6.8;26.2;6.0;1857.5;69.1;80.0;77.4;31.3;29.5;25;60;20;208;24;54;178;30;124
1011.6;3673.7;1024.9;1451.9;"1981-08-03";"1981-08-03 10:15:00";"1981-08-03 10:50:00";"1981-08-03 11:50:00";"1981-08-03 12:40:00";"1981-08-03 15:20:00";"1981-08-03 20:27:00";"1981-08-10";"1981-08-10 07:00:00";"1981-08-10 07:20:00";"1981-08-10 07:53:00";"1981-08-10 11:00:00";72.8;23.1;3520.4;33.7;1.7;6.8;25.7;6.0;2057.5;72.1;79.5;81.4;31.3;29.5;35;60;50;467;20;53;240;33;187
784.4;2873.7;676.2;975.9;"1981-08-04";"1981-08-04 07:15:00";"1981-08-04 07:45:00";"1981-08-04 08:45:00";"1981-08-04 09:30:00";"1981-08-04 08:20:00";"1981-08-04 13:40:00";"1981-08-10";"1981-08-10 15:00:00";"1981-08-10 15:24:00";"1981-08-10 15:59:00";"1981-08-10 18:28:00";71.8;24.1;2749.9;33.7;1.3;6.7;25.7;6.0;2050.5;70.0;81.0;78.0;71.3;29.5;30;60;45;250;24;59;208;35;149
1011.6;3673.7;983.5;1391.9;"1981-08-04";"1981-08-04 10:00:00";"1981-08-04 10:25:00";"1981-08-04 11:25:00";"1981-08-04 11:45:00";"1981-08-04 16:15:00";"1981-08-04 21:10:00";"1981-08-11";"1981-08-11 06:50:00";"1981-08-11 07:15:00";"1981-08-11 07:48:00";"1981-08-11 11:05:00";71.8;24.1;3520.4;33.7;1.7;6.7;25.7;6.0;1957.5;72.1;80.5;81.4;31.3;29.5;25;60;20;565;25;58;255;33;197
699.2;2573.7;630.6;903.9;"1981-08-08";"1981-08-08 07:50:00";"1981-08-08 08:20:00";"1981-08-08 09:20:00";"1981-08-08 10:00:00";"1981-08-08 09:20:00";"1981-08-08 14:30:00";"1981-08-14";"1981-08-14 14:30:00";"1981-08-14 15:00:00";"1981-08-14 15:32:00";"1981-08-14 17:45:00";64.8;21.1;2461.0;33.7;1.2;6.7;25.7;6.0;2050.5;70.3;80.3;79.2;61.3;29.5;30;60;40;270;30;62;195;32;133
1011.6;3673.7;575.2;799.9;"1981-08-09";"1981-08-09 15:18:00";"1981-08-09 15:44:00";"1981-08-09 16:44:00";"1981-08-09 17:00:00";"1981-08-09 17:24:00";"1981-08-09 21:43:00";"1981-08-15";"1981-08-15 06:44:00";"1981-08-15 07:04:00";"1981-08-15 08:20:00";"1981-08-15 10:26:00";67.8;21.1;3520.4;33.7;1.7;6.7;25.7;6.0;2050.5;72.2;80.5;79.9;66.5;29.5;26;60;16;283;20;96;222;76;126
983.2;3573.7;1234.0;1729.9;"1981-08-09";"1981-08-09 07:50:00";"1981-08-09 08:20:00";"1981-08-09 09:20:00";"1981-08-09 10:50:00";"1981-08-09 08:10:00";"1981-08-09 13:34:00";"1981-08-15";"1981-08-15 15:00:00";"1981-08-15 15:26:00";"1981-08-15 16:05:00";"1981-08-15 20:10:00";67.8;21.1;3424.1;33.7;1.6;6.8;28.2;6.0;2157.5;73.1;80.5;82.2;31.3;29.5;30;60;90;164;26;65;310;39;245
1040.0;3773.7;1196.1;1675.9;"1981-08-09";"1981-08-09 16:23:00";"1981-08-09 16:50:00";"1981-08-09 17:50:00";"1981-08-09 18:10:00";"1981-08-09 16:15:00";"1981-08-09 21:15:00";"1981-08-16";"1981-08-16 06:00:00";"1981-08-16 06:21:00";"1981-08-16 06:52:00";"1981-08-16 11:06:00";65.8;23.1;3616.7;33.7;1.7;6.8;28.2;6.0;2157.5;73.1;81.0;82.4;31.3;29.5;27;60;20;185;21;52;306;31;254
869.6;3173.7;815.7;1173.9;"1981-08-10";"1981-08-10 08:05:00";"1981-08-10 08:25:00";"1981-08-10 09:30:00";"1981-08-10 10:18:00";"1981-08-10 08:40:00";"1981-08-10 12:55:00";"1981-08-16";"1981-08-16 15:45:00";"1981-08-16 16:08:00";"1981-08-16 16:40:00";"1981-08-16 17:30:00";64.8;21.1;3038.9;33.7;1.5;6.8;27.9;6.0;2057.5;70.6;80.0;79.4;31.3;29.5;20;65;48;157;23;55;105;32;50
983.2;3573.7;1093.0;1543.9;"1981-08-10";"1981-08-10 16:03:00";"1981-08-10 16:24:00";"1981-08-10 17:24:00";"1981-08-10 17:45:00";"1981-08-10 15:30:00";"1981-08-10 20:30:00";"1981-08-17";"1981-08-17 05:42:00";"1981-08-17 06:06:00";"1981-08-17 06:38:00";"1981-08-17 10:27:00";67.8;23.1;3424.1;33.7;1.6;6.8;27.9;6.0;2050.5;72.4;80.5;12.9;61.3;29.5;21;60;21;165;24;56;285;32;229
812.8;2973.7;667.7;961.9;"1981-08-15";"1981-08-15 07:03:00";"1981-08-15 07:29:00";"1981-08-15 08:29:00";"1981-08-15 09:25:00";"1981-08-15 09:05:00";"1981-08-15 13:17:00";"1981-08-21";"1981-08-21 13:35:00";"1981-08-21 14:03:00";"1981-08-21 14:38:00";"1981-08-21 17:20:00";68.8;25.6;2846.3;33.7;1.4;6.8;27.8;6.0;1957.5;70.1;80.5;79.4;31.3;29.5;26;60;56;232;28;63;225;35;162
983.2;3573.7;1160.5;1631.9;"1981-08-16";"1981-08-16 07:07:00";"1981-08-16 07:33:00";"1981-08-16 08:33:00";"1981-08-16 09:30:00";"1981-08-16 08:10:00";"1981-08-16 13:05:00";"1981-08-22";"1981-08-22 14:20:00";"1981-08-22 14:39:00";"1981-08-22 15:12:00";"1981-08-22 19:15:00";66.8;21.1;3424.1;33.7;1.6;6.8;27.8;6.0;2057.5;72.8;80.5;82.3;31.3;29.5;26;60;57;215;19;52;295;33;243
1011.6;3673.7;1100.1;1551.9;"1981-08-17";"1981-08-17 07:00:00";"1981-08-17 07:26:00";"1981-08-17 08:26:00";"1981-08-17 08:50:00";"1981-08-17 08:20:00";"1981-08-17 13:18:00";"1981-08-23";"1981-08-23 14:32:00";"1981-08-23 14:55:00";"1981-08-23 15:32:00";"1981-08-23 19:26:00";67.8;23.1;3520.4;33.7;1.7;6.8;27.9;6.0;2057.5;72.5;80.5;81.8;31.3;29.5;26;60;24;268;23;60;294;37;234
1011.6;3673.7;1015.3;1435.9;"1981-08-17";"1981-08-17 15:30:00";"1981-08-17 16:00:00";"1981-08-17 17:00:00";"1981-08-17 17:21:00";"1981-08-17 15:55:00";"1981-08-17 21:05:00";"1981-08-24";"1981-08-24 06:45:00";"1981-08-24 07:07:00";"1981-08-24 07:42:00";"1981-08-24 11:15:00";66.8;23.1;3520.4;33.7;1.7;6.8;27.5;6.0;2157.5;72.2;80.5;81.7;31.3;29.5;30;60;21;224;22;57;270;35;213
983.2;3573.7;1080.6;1523.9;"1981-08-18";"1981-08-18 09:55:00";"1981-08-18 10:20:00";"1981-08-18 11:20:00";"1981-08-18 11:45:00";"1981-08-18 08:10:00";"1981-08-18 13:05:00";"1981-08-24";"1981-08-24 13:51:00";"1981-08-24 14:13:00";"1981-08-24 14:43:00";"1981-08-24 18:23:00";66.8;23.1;3424.1;33.7;1.6;6.8;29.1;6.0;2057.5;72.5;80.5;81.9;31.3;29.5;25;60;25;80;22;52;272;30;220
699.2;2573.7;475.3;690.9;"1981-08-29";"1981-08-29 08:15:00";"1981-08-29 08:40:00";"1981-08-29 09:40:00";"1981-08-29 10:20:00";"1981-08-29 09:20:00";"1981-08-29 13:07:00";"1981-09-04";"1981-09-04 13:20:00";"1981-09-04 13:46:00";"1981-09-04 14:27:00";"1981-09-04 16:26:00";65.8;23.1;2461.0;33.7;1.2;6.8;27.8;6.0;1857.5;68.5;78.0;77.9;31.3;29.5;25;60;40;167;26;67;186;41;119
983.2;3573.7;1020.9;1439.9;"1981-08-29";"1981-08-29 17:24:00";"1981-08-29 17:49:00";"1981-08-29 18:50:00";"1981-08-29 19:15:00";"1981-08-29 16:40:00";"1981-08-29 21:55:00";"1981-09-05";"1981-09-05 06:58:00";"1981-09-05 07:15:00";"1981-09-05 07:51:00";"1981-09-05 11:15:00";65.0;21.1;3424.1;33.7;1.6;6.8;27.2;6.0;2057.5;72.4;80.5;82.0;31.3;29.5;25;61;25;160;17;53;257;36;204
983.2;3573.7;993.8;1408.9;"1981-08-30";"1981-08-30 07:00:00";"1981-08-30 07:25:00";"1981-08-30 08:25:00";"1981-08-30 08:45:00";"1981-08-30 08:20:00";"1981-08-30 13:10:00";"1981-09-05";"1981-09-05 13:26:00";"1981-09-05 13:48:00";"1981-09-05 14:20:00";"1981-09-05 17:57:00";65.8;23.1;3424.1;33.7;1.6;6.8;26.2;6.0;2050.5;72.0;80.5;81.2;61.3;29.5;25;60;20;265;22;54;271;32;217
869.6;3173.7;788.5;1141.9;"1981-08-30";"1981-08-30 11:23:00";"1981-08-30 11:49:00";"1981-08-30 12:49:00";"1981-08-30 13:15:00";"1981-08-30 15:50:00";"1981-08-30 20:05:00";"1981-09-06";"1981-09-06 06:58:00";"1981-09-06 07:15:00";"1981-09-06 07:50:00";"1981-09-06 10:50:00";62.8;21.1;3038.9;33.7;1.5;6.8;26.2;6.0;2057.5;70.1;80.5;80.1;31.3;29.5;26;60;26;410;17;52;232;35;180
983.2;3573.7;997.9;1422.9;"1981-08-31";"1981-08-31 18:00:00";"1981-08-31 18:30:00";"1981-08-31 19:30:00";"1981-08-31 19:55:00";"1981-08-31 15:40:00";"1981-08-31 20:55:00";"1981-09-07";"1981-09-07 07:03:00";"1981-09-07 07:20:00";"1981-09-07 07:53:00";"1981-09-07 11:20:00";64.8;20.6;3424.1;33.7;1.6;6.8;27.7;6.0;2057.5;71.6;80.5;81.3;31.3;29.5;30;60;25;60;17;50;257;33;207
983.2;3573.7;1065.8;1508.9;"1981-09-01";"1981-09-01 07:50:00";"1981-09-01 08:20:00";"1981-09-01 09:20:00";"1981-09-01 09:40:00";"1981-09-01 08:10:00";"1981-09-01 13:20:00";"1981-09-07";"1981-09-07 13:42:00";"1981-09-07 14:06:00";"1981-09-07 14:36:00";"1981-09-07 18:23:00";66.8;21.1;3424.1;33.7;1.6;6.8;28.1;6.0;2157.5;72.2;80.5;81.4;31.3;29.5;30;60;20;220;24;54;281;30;227
1011.6;3673.7;918.9;1320.9;"1981-09-01";"1981-09-01 10:40:00";"1981-09-01 11:10:00";"1981-09-01 12:10:00";"1981-09-01 13:30:00";"1981-09-01 16:00:00";"1981-09-01 21:32:00";"1981-09-08";"1981-09-08 06:40:00";"1981-09-08 06:58:00";"1981-09-08 07:28:00";"1981-09-08 10:52:00";64.8;21.1;3520.4;33.7;1.7;6.8;28.1;6.0;2157.5;70.9;80.5;80.7;31.3;29.5;30;60;80;482;18;48;252;30;204
926.4;3373.7;709.5;1013.9;"1981-09-05";"1981-09-05 08:10:00";"1981-09-05 08:40:00";"1981-09-05 09:40:00";"1981-09-05 10:20:00";"1981-09-05 08:30:00";"1981-09-05 13:50:00";"1981-09-11";"1981-09-11 13:58:00";"1981-09-11 14:29:00";"1981-09-11 14:55:00";"1981-09-11 17:40:00";68.0;23.1;3231.5;33.7;1.5;6.8;24.9;6.0;2257.5;70.8;78.0;78.6;31.3;29.5;30;60;40;210;31;57;222;26;165
1011.6;3673.7;1114.7;1581.9;"1981-09-05";"1981-09-05 15:13:00";"1981-09-05 15:40:00";"1981-09-05 16:40:00";"1981-09-05 17:00:00";"1981-09-05 16:30:00";"1981-09-05 20:55:00";"1981-09-12";"1981-09-12 06:26:00";"1981-09-12 06:52:00";"1981-09-12 07:23:00";"1981-09-12 11:20:00";65.8;22.1;3520.4;33.7;1.7;6.7;27.6;6.0;2157.5;72.1;80.5;81.4;31.3;29.5;27;60;20;235;26;57;294;31;237
1011.6;3673.7;1027.0;1456.9;"1981-09-06";"1981-09-06 07:58:00";"1981-09-06 08:27:00";"1981-09-06 09:30:00";"1981-09-06 10:10:00";"1981-09-06 07:40:00";"1981-09-06 12:28:00";"1981-09-12";"1981-09-12 13:51:00";"1981-09-12 14:10:00";"1981-09-12 14:41:00";"1981-09-12 18:13:00";65.8;22.7;3520.4;33.7;1.7;6.7;26.2;6.0;2157.5;72.0;80.5;80.7;31.3;29.5;29;63;40;138;19;50;262;31;212
1011.6;3673.7;993.8;1414.9;"1981-09-06";"1981-09-06 15:23:00";"1981-09-06 15:48:00";"1981-09-06 16:48:00";"1981-09-06 17:15:00";"1981-09-06 14:50:00";"1981-09-06 19:29:00";"1981-09-13";"1981-09-13 05:35:00";"1981-09-13 06:00:00";"1981-09-13 06:30:00";"1981-09-13 10:45:00";66.8;21.1;3520.4;33.7;1.7;6.7;27.8;6.0;2050.5;71.7;80.5;81.4;61.3;29.5;25;60;27;134;25;55;310;30;255
898.0;3273.7;865.5;1236.9;"1981-09-07";"1981-09-07 08:23:00";"1981-09-07 08:49:00";"1981-09-07 09:50:00";"1981-09-07 10:30:00";"1981-09-07 08:00:00";"1981-09-07 12:23:00";"1981-09-13";"1981-09-13 13:10:00";"1981-09-13 13:28:00";"1981-09-13 13:58:00";"1981-09-13 16:50:00";66.5;21.1;3135.2;33.7;1.5;6.7;28.7;6.0;2057.5;71.2;80.5;79.9;31.3;29.5;26;61;40;113;18;48;220;30;172
983.2;3573.7;993.1;1411.9;"1981-09-08";"1981-09-08 11:10:00";"1981-09-08 11:45:00";"1981-09-08 12:45:00";"1981-09-08 13:00:00";"1981-09-08 14:55:00";"1981-09-08 19:38:00";"1981-09-15";"1981-09-15 05:30:00";"1981-09-15 05:55:00";"1981-09-15 06:25:00";"1981-09-15 09:47:00";66.8;21.2;3424.1;33.7;1.6;6.7;28.8;6.0;2157.5;71.8;80.5;81.0;31.3;29.5;35;60;15;398;25;55;257;30;202
812.8;2973.7;658.6;946.9;"1981-09-12";"1981-09-12 06:57:00";"1981-09-12 07:23:00";"1981-09-12 08:23:00";"1981-09-12 08:50:00";"1981-09-12 09:10:00";"1981-09-12 12:57:00";"1981-09-18";"1981-09-18 13:28:00";"1981-09-18 13:59:00";"1981-09-18 14:35:00";"1981-09-18 16:56:00";64.8;23.1;2846.3;33.7;1.4;6.8;27.1;6.0;2057.5;70.2;80.0;79.1;31.3;29.5;26;60;27;247;31;67;208;36;141
1011.6;3673.7;942.7;1332.9;"1981-09-12";"1981-09-12 14:57:00";"1981-09-12 15:30:00";"1981-09-12 16:30:00";"1981-09-12 16:53:00";"1981-09-12 16:15:00";"1981-09-12 21:15:00";"1981-09-19";"1981-09-19 06:24:00";"1981-09-19 06:45:00";"1981-09-19 07:13:00";"1981-09-19 10:50:00";64.8;21.4;3520.4;33.7;1.7;6.8;29.5;4.8;2057.5;72.1;80.5;79.9;31.3;29.5;33;60;23;262;21;49;266;28;217
841.2;3073.7;739.5;1071.9;"1981-09-13";"1981-09-13 06:38:00";"1981-09-13 07:04:00";"1981-09-13 08:04:00";"1981-09-13 08:30:00";"1981-09-13 08:55:00";"1981-09-13 12:55:00";"1981-09-19";"1981-09-19 13:26:00";"1981-09-19 13:49:00";"1981-09-19 14:19:00";"1981-09-19 16:58:00";66.8;23.1;2942.6;33.7;1.4;6.8;27.2;4.3;1957.5;69.9;80.5;78.9;31.3;29.5;26;60;26;265;23;53;212;30;159
1011.6;3673.7;1004.0;1435.9;"1981-09-13";"1981-09-13 15:05:00";"1981-09-13 15:35:00";"1981-09-13 16:40:00";"1981-09-13 17:00:00";"1981-09-13 15:40:00";"1981-09-13 20:35:00";"1981-09-20";"1981-09-20 06:20:00";"1981-09-20 06:39:00";"1981-09-20 07:07:00";"1981-09-20 10:50:00";64.8;21.0;3520.4;33.7;1.7;6.8;27.6;6.0;2057.5;71.4;80.5;80.9;31.3;29.5;30;65;20;215;19;47;270;28;223
983.2;3573.7;910.9;1297.9;"1981-09-14";"1981-09-14 14:00:00";"1981-09-14 14:30:00";"1981-09-14 15:40:00";"1981-09-14 16:30:00";"1981-09-14 15:30:00";"1981-09-14 20:05:00";"1981-09-21";"1981-09-21 06:25:00";"1981-09-21 06:42:00";"1981-09-21 07:11:00";"1981-09-21 10:40:00";64.8;21.5;3424.1;33.7;1.6;6.8;28.1;4.4;2057.5;71.5;80.5;80.6;31.3;29.5;30;70;50;215;17;46;255;29;209
841.2;3073.7;728.8;1052.9;"1981-09-15";"1981-09-15 07:03:00";"1981-09-15 07:29:00";"1981-09-15 08:29:00";"1981-09-15 08:50:00";"1981-09-15 08:50:00";"1981-09-15 12:56:00";"1981-09-21";"1981-09-21 13:11:00";"1981-09-21 13:33:00";"1981-09-21 14:03:00";"1981-09-21 16:45:00";64.8;21.1;2942.6;33.7;1.4;6.8;27.3;4.3;1957.5;70.1;80.0;78.9;31.3;29.5;26;60;21;246;22;52;214;30;162
1011.6;3673.7;949.3;1353.9;"1981-09-15";"1981-09-15 10:15:00";"1981-09-15 10:40:00";"1981-09-15 11:40:00";"1981-09-15 11:59:00";"1981-09-15 15:25:00";"1981-09-15 20:10:00";"1981-09-22";"1981-09-22 06:25:00";"1981-09-22 06:45:00";"1981-09-22 07:09:00";"1981-09-22 10:50:00";67.8;21.4;3520.4;33.7;1.7;6.8;28.1;6.0;1957.5;71.5;80.5;80.7;31.3;29.5;25;60;19;491;20;44;265;24;221
983.2;3573.7;1073.1;1525.9;"1981-09-19";"1981-09-19 07:50:00";"1981-09-19 08:25:00";"1981-09-19 09:25:00";"1981-09-19 10:13:00";"1981-09-19 08:50:00";"1981-09-19 13:20:00";"1981-09-25";"1981-09-25 13:30:00";"1981-09-25 13:57:00";"1981-09-25 14:24:00";"1981-09-25 18:00:00";67.3;22.3;3424.1;33.7;1.6;6.7;30.0;5.5;2057.5;71.9;80.5;81.6;31.3;29.5;35;60;48;187;27;54;270;27;216
1011.6;3673.7;1047.7;1486.9;"1981-09-19";"1981-09-19 14:40:00";"1981-09-19 15:06:00";"1981-09-19 16:06:00";"1981-09-19 16:25:00";"1981-09-19 15:45:00";"1981-09-19 20:40:00";"1981-09-26";"1981-09-26 06:00:00";"1981-09-26 06:25:00";"1981-09-26 06:55:00";"1981-09-26 10:35:00";66.8;22.1;3520.4;33.7;1.7;6.9;27.9;4.8;2050.5;72.0;80.5;81.2;61.3;29.5;26;60;19;255;25;55;275;30;220
983.2;3573.7;915.6;1302.9;"1981-09-20";"1981-09-20 07:50:00";"1981-09-20 08:20:00";"1981-09-20 09:20:00";"1981-09-20 11:30:00";"1981-09-20 08:20:00";"1981-09-20 12:52:00";"1981-09-26";"1981-09-26 13:05:00";"1981-09-26 13:37:00";"1981-09-26 14:03:00";"1981-09-26 17:30:00";66.8;20.6;3424.1;33.7;1.6;6.9;28.9;5.4;2157.5;71.6;80.5;80.7;31.3;29.5;30;60;130;82;32;58;265;26;207
1011.6;3673.7;995.9;1417.9;"1981-09-20";"1981-09-20 14:51:00";"1981-09-20 15:18:00";"1981-09-20 16:18:00";"1981-09-20 16:35:00";"1981-09-20 15:15:00";"1981-09-20 20:15:00";"1981-09-27";"1981-09-27 05:45:00";"1981-09-27 06:08:00";"1981-09-27 06:39:00";"1981-09-27 10:23:00";67.8;23.1;3520.4;33.7;1.7;6.8;27.0;5.1;2050.5;71.7;80.5;81.1;61.3;29.5;27;60;17;220;23;54;278;31;224
784.4;2873.7;667.3;959.9;"1981-09-26";"1981-09-26 07:10:00";"1981-09-26 07:57:00";"1981-09-26 08:37:00";"1981-09-26 08:50:00";"1981-09-26 09:15:00";"1981-09-26 12:34:00";"1981-10-02";"1981-10-02 13:45:00";"1981-10-02 14:05:00";"1981-10-02 14:35:00";"1981-10-02 17:10:00";66.8;21.1;2749.9;33.7;1.3;6.7;26.8;4.3;1857.5;70.2;78.5;78.9;31.3;29.5;47;40;13;224;20;50;205;30;155
1011.6;3673.7;900.0;1281.9;"1981-09-26";"1981-09-26 14:20:00";"1981-09-26 14:50:00";"1981-09-26 15:50:00";"1981-09-26 16:15:00";"1981-09-26 15:00:00";"1981-09-26 20:10:00";"1981-10-03";"1981-10-03 06:45:00";"1981-10-03 07:15:00";"1981-10-03 07:50:00";"1981-10-03 11:20:00";64.8;21.1;3520.4;33.7;1.7;6.8;29.0;5.7;2057.5;71.5;80.0;81.3;31.3;29.5;30;60;25;235;30;65;275;35;210
1011.6;3673.7;1109.5;1569.9;"1981-09-27";"1981-09-27 06:43:00";"1981-09-27 07:09:00";"1981-09-27 08:09:00";"1981-09-27 08:44:00";"1981-09-27 08:40:00";"1981-09-27 12:20:00";"1981-10-03";"1981-10-03 13:42:00";"1981-10-03 14:05:00";"1981-10-03 14:35:00";"1981-10-03 18:30:00";67.8;21.1;3520.4;33.7;1.7;6.7;28.9;4.8;2057.5;72.3;80.5;80.9;31.3;29.5;26;60;35;216;23;53;288;30;235
1011.6;3673.7;975.2;1383.9;"1981-09-27";"1981-09-27 14:00:00";"1981-09-27 14:30:00";"1981-09-27 15:35:00";"1981-09-27 15:58:00";"1981-09-27 14:15:00";"1981-09-27 19:35:00";"1981-10-04";"1981-10-04 06:20:00";"1981-10-04 06:45:00";"1981-10-04 07:16:00";"1981-10-04 10:50:00";65.8;22.1;3520.4;33.7;1.7;6.8;27.9;6.1;2057.5;71.9;80.5;81.5;31.3;29.5;30;65;23;217;25;56;270;31;214
983.2;3573.7;906.3;1294.9;"1981-10-03";"1981-10-03 07:25:00";"1981-10-03 07:57:00";"1981-10-03 08:57:00";"1981-10-03 09:37:00";"1981-10-03 09:30:00";"1981-10-03 14:20:00";"1981-10-09";"1981-10-09 14:34:00";"1981-10-09 14:57:00";"1981-10-09 15:32:00";"1981-10-09 19:00:00";67.8;21.1;3424.1;33.7;1.6;7.0;27.3;6.1;2050.5;71.3;80.5;80.8;61.3;29.5;32;60;40;283;23;58;266;35;208
983.2;3573.7;947.6;1341.9;"1981-10-04";"1981-10-04 07:30:00";"1981-10-04 08:00:00";"1981-10-04 09:20:00";"1981-10-04 09:40:00";"1981-10-04 06:57:00";"1981-10-04 12:02:00";"1981-10-10";"1981-10-10 13:35:00";"1981-10-10 13:59:00";"1981-10-10 14:30:00";"1981-10-10 17:50:00";68.1;20.5;3424.1;33.7;1.6;6.9;27.1;6.2;2050.5;72.0;80.5;80.3;61.3;29.5;30;80;20;142;24;55;255;31;200
983.2;3573.7;953.9;1354.9;"1981-10-05";"1981-10-05 09:59:00";"1981-10-05 10:25:00";"1981-10-05 11:25:00";"1981-10-05 11:44:00";"1981-10-05 07:05:00";"1981-10-05 11:50:00";"1981-10-11";"1981-10-11 13:05:00";"1981-10-11 13:41:00";"1981-10-11 14:17:00";"1981-10-11 17:40:00";65.8;22.1;3424.1;33.7;1.6;6.8;29.7;6.0;2050.5;71.8;80.5;80.3;61.3;29.5;26;60;19;6;36;72;275;36;203
983.2;3573.7;1041.3;1481.9;"1981-10-05";"1981-10-05 12:56:00";"1981-10-05 13:21:00";"1981-10-05 13:35:00";"1981-10-05 14:35:00";"1981-10-05 14:00:00";"1981-10-05 19:08:00";"1981-10-12";"1981-10-12 05:26:00";"1981-10-12 05:52:00";"1981-10-12 06:20:00";"1981-10-12 23:00:00";64.8;22.1;3424.1;33.7;1.6;6.8;28.5;6.0;167.5;71.8;80.5;81.5;61.3;29.5;25;14;60;273;26;54;1054;28;1000
983.2;3573.7;965.0;1374.9;"1981-10-06";"1981-10-06 10:36:00";"1981-10-06 11:02:00";"1981-10-06 12:02:00";"1981-10-06 12:20:00";"1981-10-06 15:00:00";"1981-10-06 19:56:00";"1981-10-13";"1981-10-13 05:16:00";"1981-10-13 05:38:00";"1981-10-13 06:08:00";"1981-10-13 10:00:00";64.8;22.1;3424.1;33.7;1.6;6.8;28.6;6.0;2057.5;71.6;80.5;81.0;31.3;29.5;26;60;18;456;22;52;284;30;232
983.2;3573.7;996.6;1416.9;"1981-10-07";"1981-10-07 10:55:00";"1981-10-07 11:25:00";"1981-10-07 12:25:00";"1981-10-07 12:55:00";"1981-10-07 15:00:00";"1981-10-07 19:57:00";"1981-10-20";"1981-10-20 07:35:00";"1981-10-20 08:01:00";"1981-10-20 08:27:00";"1981-10-20 11:50:00";66.8;20.1;3424.1;33.7;1.6;7.0;28.0;6.2;2050.5;71.8;80.5;80.2;61.3;29.5;30;60;30;422;26;52;255;26;203
983.2;3573.7;1038.2;1466.9;"1981-10-10";"1981-10-10 06:51:00";"1981-10-10 07:17:00";"1981-10-10 08:17:00";"1981-10-10 08:40:00";"1981-10-10 09:05:00";"1981-10-10 14:20:00";"1981-10-16";"1981-10-16 14:39:00";"1981-10-16 15:09:00";"1981-10-16 15:39:00";"1981-10-16 19:20:00";64.8;21.1;3424.1;33.7;1.6;6.8;28.7;6.0;2057.5;72.3;80.5;81.4;31.3;29.5;26;60;23;340;30;60;281;30;221
983.2;3573.7;982.8;1392.9;"1981-10-10";"1981-10-10 14:40:00";"1981-10-10 15:10:00";"1981-10-10 16:40:00";"1981-10-10 17:00:00";"1981-10-10 16:40:00";"1981-10-10 22:05:00";"1981-10-17";"1981-10-17 06:23:00";"1981-10-17 06:45:00";"1981-10-17 07:09:00";"1981-10-17 11:00:00";66.8;22.1;3424.1;33.7;1.6;6.9;27.5;6.0;2057.5;72.0;80.5;81.4;31.3;29.5;30;90;20;305;22;46;277;24;231
983.2;3573.7;1073.0;1512.9;"1981-10-11";"1981-10-11 06:55:00";"1981-10-11 07:20:00";"1981-10-11 08:20:00";"1981-10-11 09:00:00";"1981-10-11 08:40:00";"1981-10-11 14:32:00";"1981-10-17";"1981-10-17 14:49:00";"1981-10-17 15:11:00";"1981-10-17 15:41:00";"1981-10-17 19:35:00";65.8;22.1;3424.1;33.7;1.6;6.9;29.7;6.1;2057.5;72.5;80.5;81.6;31.3;29.5;25;60;40;332;22;52;286;30;234
983.2;3573.7;959.5;1366.9;"1981-10-11";"1981-10-11 14:50:00";"1981-10-11 15:20:00";"1981-10-11 16:30:00";"1981-10-11 16:46:00";"1981-10-11 17:10:00";"1981-10-11 22:05:00";"1981-10-18";"1981-10-18 06:10:00";"1981-10-18 06:40:00";"1981-10-18 07:05:00";"1981-10-18 10:40:00";65.3;20.7;3424.1;33.7;1.6;7.0;27.1;6.2;2057.5;71.6;80.2;80.8;31.3;29.5;30;70;16;319;30;55;270;25;215
983.2;3573.7;1013.8;1441.9;"1981-10-12";"1981-10-12 06:50:00";"1981-10-12 07:16:00";"1981-10-12 08:16:00";"1981-10-12 08:30:00";"1981-10-12 08:25:00";"1981-10-12 13:07:00";"1981-10-18";"1981-10-18 13:27:00";"1981-10-18 13:49:00";"1981-10-18 14:00:00";"1981-10-18 17:59:00";65.8;22.1;3424.1;33.7;1.6;6.8;28.5;6.0;2050.5;71.8;80.5;80.9;61.3;29.5;26;60;14;277;22;33;272;11;239
983.2;3573.7;936.9;1335.9;"1981-10-12";"1981-10-12 14:22:00";"1981-10-12 14:52:00";"1981-10-12 14:59:00";"1981-10-12 16:30:00";"1981-10-12 15:20:00";"1981-10-12 20:35:00";"1981-10-19";"1981-10-19 05:13:00";"1981-10-19 06:07:00";"1981-10-19 06:37:00";"1981-10-19 10:12:00";66.8;21.1;3424.1;33.7;1.6;6.9;27.8;6.1;2050.5;71.5;80.5;80.7;61.3;29.5;30;7;91;245;54;84;299;30;215
983.2;3573.7;1005.6;1417.9;"1981-10-13";"1981-10-13 06:49:00";"1981-10-13 07:15:00";"1981-10-13 08:15:00";"1981-10-13 08:35:00";"1981-10-13 07:45:00";"1981-10-13 12:48:00";"1981-10-19";"1981-10-19 12:58:00";"1981-10-19 13:26:00";"1981-10-19 13:51:00";"1981-10-19 17:45:00";66.8;22.1;3424.1;33.7;1.6;6.8;27.5;6.0;2050.5;72.4;80.5;79.9;61.3;29.5;26;60;20;253;28;53;287;25;234
983.2;3573.7;1050.3;1492.9;"1981-10-17";"1981-10-17 13:42:00";"1981-10-17 14:08:00";"1981-10-17 16:00:00";"1981-10-17 16:35:00";"1981-10-17 16:15:00";"1981-10-17 21:40:00";"1981-10-24";"1981-10-24 06:15:00";"1981-10-24 06:40:00";"1981-10-24 07:10:00";"1981-10-24 10:53:00";64.8;22.1;3424.1;33.7;1.6;6.8;28.7;6.0;2050.5;71.9;80.5;80.9;61.3;29.5;26;112;35;305;25;55;278;30;223
983.2;3573.7;973.9;1383.9;"1981-11-16";"1981-11-16 15:26:00";"1981-11-16 15:52:00";"1981-11-16 16:52:00";"1981-11-16 17:10:00";"1981-11-16 15:45:00";"1981-11-16 20:00:00";"1981-11-23";"1981-11-23 05:05:00";"1981-11-23 05:31:00";"1981-11-23 05:59:00";"1981-11-23 09:45:00";65.8;22.1;3424.1;33.7;1.6;6.8;26.2;6.0;2050.5;71.8;80.5;80.9;61.3;29.5;26;60;18;170;26;54;280;28;226
983.2;3573.7;1051.2;1489.9;"1981-11-17";"1981-11-17 11:15:00";"1981-11-17 11:41:00";"1981-11-17 12:41:00";"1981-11-17 12:55:00";"1981-11-17 16:37:00";"1981-11-17 21:20:00";"1981-11-24";"1981-11-24 05:33:00";"1981-11-24 05:56:00";"1981-11-24 06:24:00";"1981-11-24 10:02:00";65.8;22.1;3424.1;33.7;1.6;6.8;28.0;6.0;2057.5;72.1;80.5;81.3;31.3;29.5;26;60;14;505;23;51;269;28;218
926.4;3373.7;984.1;1390.9;"1981-11-21";"1981-11-21 16:10:00";"1981-11-21 16:40:00";"1981-11-21 17:40:00";"1981-11-21 17:55:00";"1981-11-21 19:19:00";"1981-11-21 23:40:00";"1981-11-28";"1981-11-28 05:40:00";"1981-11-28 06:13:00";"1981-11-28 06:45:00";"1981-11-28 10:15:00";64.8;21.1;3231.5;33.7;1.5;6.9;27.7;6.1;2050.5;72.2;80.5;80.9;61.3;29.5;30;60;15;345;33;65;275;32;210
826.0;2873.7;1101.2;1508.9;"1981-11-23";"1981-11-23 07:19:00";"1981-11-23 07:45:00";"1981-11-23 08:45:00";"1981-11-23 09:15:00";"1981-11-23 07:50:00";"1981-11-23 11:45:00";"1981-11-29";"1981-11-29 15:30:00";"1981-11-29 15:55:00";"1981-11-29 16:30:00";"1981-11-29 20:15:00";64.8;22.1;2744.9;35.3;1.4;6.8;27.7;6.0;2050.5;74.6;80.5;22.9;61.3;29.5;26;60;30;150;25;60;285;35;225
983.2;3573.7;907.7;1285.9;"1981-11-23";"1981-11-23 15:34:00";"1981-11-23 16:04:00";"1981-11-23 17:04:00";"1981-11-23 21:00:00";"1981-11-23 16:45:00";"1981-11-23 21:04:00";"1981-11-30";"1981-11-30 05:33:00";"1981-11-30 05:59:00";"1981-11-30 06:27:00";"1981-11-30 09:40:00";63.8;21.3;3424.1;33.7;1.6;6.8;27.7;6.0;166.5;71.9;80.5;81.1;61.3;29.5;30;60;236;4;26;54;247;28;193
926.4;3373.7;951.2;1333.9;"1981-11-24";"1981-11-24 05:52:00";"1981-11-24 06:18:00";"1981-11-24 07:18:00";"1981-11-24 07:50:00";"1981-11-24 07:55:00";"1981-11-24 13:30:00";"1981-11-30";"1981-11-30 14:07:00";"1981-11-30 14:27:00";"1981-11-30 14:56:00";"1981-11-30 18:20:00";65.8;22.1;3231.5;33.7;1.5;6.8;26.2;6.0;1957.5;72.7;80.5;82.1;31.3;29.5;26;60;32;340;20;49;253;29;204
